"level","character","readings_on","readings_kun","meaning"
"N5","一","{""いち"",""いつ""}","{""ひと-"",""ひと.つ""}","One; One Radical (no.1)"
"N5","二","{""に"",""じ""}","{""ふた"",""ふた.つ"",""ふたたび""}","Two; Two Radical (no. 7)"
"N5","九","{""きゅう"",""く""}","{""ここの"",""ここの.つ""}","Nine"
"N5","七","{""しち""}","{""なな"",""なな.つ"",""なの""}","Seven"
"N5","人","{""じん"",""にん""}","{""ひと"",""-り"",""-と""}","Person"
"N5","入","{""にゅう"",""じゅ""}","{""い.る"",""-い.る"",""-い.り"",""い.れる"",""-い.れ"",""はい.る""}","Enter; Insert"
"N5","八","{""はち""}","{""や"",""や.つ"",""やっ.つ"",""よう""}","Eight; Eight Radical (no. 12)"
"N4","力","{""りょく"",""りき"",""りい""}","{""ちから""}","Power; Strength; Strong; Strain; Bear Up; Exert"
"N5","十","{""じゅう"",""じっ"",""じゅっ""}","{""とお"",""と""}","Ten"
"N5","三","{""さん"",""ぞう""}","{""み"",""み.つ"",""みっ.つ""}","Three"
"N5","上","{""じょう"",""しょう"",""しゃん""}","{""うえ"",""-うえ"",""うわ-"",""かみ"",""あ.げる"",""-あ.げる"",""あ.がる"",""-あ.がる"",""あ.がり"",""-あ.がり"",""のぼ.る"",""のぼ.り"",""のぼ.せる"",""のぼ.す"",""たてまつ.る""}","Above; Up"
"N5","下","{""か"",""げ""}","{""した"",""しも"",""もと"",""さ.げる"",""さ.がる"",""くだ.る"",""くだ.り"",""くだ.す"",""-くだ.す"",""くだ.さる"",""お.ろす"",""お.りる""}","Below; Down; Descend; Give; Low; Inferior"
"N4","口","{""こう"",""く""}","{""くち""}","Mouth"
"N5","大","{""だい"",""たい""}","{""おお-"",""おお.きい"",""-おお.いに""}","Large; Big"
"N5","女","{""じょ"",""にょ"",""にょう""}","{""おんな"",""め""}","Woman; Female"
"N5","山","{""さん"",""せん""}","{""やま""}","Mountain"
"N5","川","{""せん""}","{""かわ""}","Stream; River; River Or Three-stroke River Radical (no. 47)"
"N4","工","{""こう"",""く"",""ぐ""}","{}","Craft; Construction; Katakana E Radical (no. 48)"
"N1","刀","{""とう""}","{""かたな"",""そり""}","Sword; Saber; Knife"
"N5","土","{""ど"",""と""}","{""つち""}","Soil; Earth; Ground; Turkey"
"N5","千","{""せん""}","{""ち""}","Thousand"
"N4","夕","{""せき""}","{""ゆう""}","Evening"
"N5","子","{""し"",""す"",""つ""}","{""こ"",""-こ"",""ね""}","Child; Sign Of The Rat; 11pm-1am; First Sign Of Chinese Zodiac"
"N5","小","{""しょう""}","{""ちい.さい"",""こ-"",""お-"",""さ-""}","Little; Small"
"N1","丁","{""ちょう"",""てい"",""ちん"",""とう"",""ち""}","{""ひのと""}","Street; Ward; Town; Counter For Guns, Tools, Leaves Or Cakes Of Something; Even Number; 4th Calendar Sign"
"N2","了","{""りょう""}","{}","Complete; Finish"
"N1","又","{""ゆう""}","{""また"",""また-"",""また.の-""}","Or Again; Furthermore; On The Other Hand"
"N2","丸","{""がん""}","{""まる"",""まる.める"",""まる.い""}","Round; Full (month); Perfection; -ship; Pills; Make Round; Roll Up; Curl Up; Seduce; Explain Away"
"N3","才","{""さい""}","{}","Genius; Years Old; Cubic Shaku"
"N5","中","{""ちゅう""}","{""なか"",""うち"",""あた.る""}","In; Inside; Middle; Mean; Center"
"N5","五","{""ご""}","{""いつ"",""いつ.つ""}","Five"
"N5","六","{""ろく"",""りく""}","{""む"",""む.つ"",""むっ.つ"",""むい""}","Six"
"N5","円","{""えん""}","{""まる.い"",""まる"",""まど"",""まど.か"",""まろ.やか""}","Circle; Yen; Round"
"N5","天","{""てん""}","{""あまつ"",""あめ"",""あま-""}","Heavens; Sky; Imperial"
"N4","手","{""しゅ"",""ず""}","{""て"",""て-"",""-て"",""た-""}","Hand"
"N4","文","{""ぶん"",""もん""}","{""ふみ"",""あや""}","Sentence; Literature; Style; Art; Decoration; Figures; Plan; Literary Radical (no. 67)"
"N5","日","{""にち"",""じつ""}","{""ひ"",""-び"",""-か""}","Day; Sun; Japan; Counter For Days"
"N5","月","{""げつ"",""がつ""}","{""つき""}","Month; Moon"
"N5","木","{""ぼく"",""もく""}","{""き"",""こ-""}","Tree; Wood"
"N5","水","{""すい""}","{""みず"",""みず-""}","Water"
"N5","火","{""か""}","{""ひ"",""-び"",""ほ-""}","Fire"
"N4","犬","{""けん""}","{""いぬ"",""いぬ-""}","Dog"
"N3","王","{""おう"",""-のう""}","{}","King; Rule; Magnate"
"N5","出","{""しゅつ"",""すい""}","{""で.る"",""-で"",""だ.す"",""-だ.す"",""い.でる"",""い.だす""}","Exit; Leave; Go Out; Come Out; Put Out; Protrude"
"N5","右","{""う"",""ゆう""}","{""みぎ""}","Right"
"N5","四","{""し""}","{""よ"",""よ.つ"",""よっ.つ"",""よん""}","Four"
"N5","左","{""さ"",""しゃ""}","{""ひだり""}","Left"
"N5","本","{""ほん""}","{""もと""}","Book; Present; Main; Origin; True; Real; Counter For Long Cylindrical Things"
"N4","正","{""せい"",""しょう""}","{""ただ.しい"",""ただ.す"",""まさ"",""まさ.に""}","Correct; Justice; Righteous; 10**40"
"N2","玉","{""ぎょく""}","{""たま"",""たま-"",""-だま""}","Jewel; Ball"
"N4","田","{""でん""}","{""た""}","Rice Field; Rice Paddy"
"N5","白","{""はく"",""びゃく""}","{""しろ"",""しら-"",""しろ.い""}","White"
"N4","目","{""もく"",""ぼく""}","{""め"",""-め"",""ま-""}","Eye; Class; Look; Insight; Experience; Care; Favor"
"N3","石","{""せき"",""しゃく"",""こく""}","{""いし""}","Stone"
"N4","立","{""りつ"",""りゅう"",""りっとる""}","{""た.つ"",""-た.つ"",""た.ち-"",""た.てる"",""-た.てる"",""た.て-"",""たて-"",""-た.て"",""-だ.て"",""-だ.てる""}","Stand Up; Rise; Set Up; Erect"
"N5","万","{""まん"",""ばん""}","{""よろず""}","Ten Thousand; 10,000"
"N2","久","{""きゅう"",""く""}","{""ひさ.しい""}","Long Time; Old Story"
"N5","今","{""こん"",""きん""}","{""いま""}","Now"
"N4","元","{""げん"",""がん""}","{""もと""}","Beginning; Former Time; Origin"
"N4","公","{""こう"",""く""}","{""おおやけ""}","Public; Prince; Official; Governmental"
"N3","内","{""ない"",""だい""}","{""うち""}","Inside; Within; Between; Among; House; Home"
"N4","切","{""せつ"",""さい""}","{""き.る"",""-き.る"",""き.り"",""-き.り"",""-ぎ.り"",""き.れる"",""-き.れる"",""き.れ"",""-き.れ"",""-ぎ.れ""}","Cut; Cutoff; Be Sharp"
"N5","午","{""ご""}","{""うま""}","Noon; Sign Of The Horse; 11am-1pm; Seventh Sign Of Chinese Zodiac"
"N5","友","{""ゆう""}","{""とも""}","Friend"
"N3","太","{""たい"",""た""}","{""ふと.い"",""ふと.る""}","Plump; Thick; Big Around"
"N4","少","{""しょう""}","{""すく.ない"",""すこ.し""}","Few; Little"
"N3","引","{""いん""}","{""ひ.く"",""ひ.き"",""ひ.き-"",""-び.き"",""ひ.ける""}","Pull; Tug; Jerk; Admit; Install; Quote; Refer To"
"N4","心","{""しん""}","{""こころ"",""-ごころ""}","Heart; Mind; Spirit; Heart Radical (no. 61)"
"N2","戸","{""こ""}","{""と""}","Door; Counter For Houses; Door Radical (no. 63)"
"N4","方","{""ほう""}","{""かた"",""-かた"",""-がた""}","Direction; Person; Alternative"
"N4","牛","{""ぎゅう""}","{""うし""}","Cow"
"N5","父","{""ふ""}","{""ちち""}","Father"
"N2","毛","{""もう""}","{""け""}","Fur; Hair; Feather; Down"
"N4","止","{""し""}","{""と.まる"",""-ど.まり"",""と.める"",""-と.める"",""-ど.め"",""とど.める"",""とど.め"",""とど.まる"",""や.める"",""や.む"",""-や.む"",""よ.す"",""-さ.す"",""-さ.し""}","Stop; Halt"
"N4","兄","{""けい"",""きょう""}","{""あに""}","Elder Brother; Big Brother"
"N4","冬","{""とう""}","{""ふゆ""}","Winter"
"N5","北","{""ほく""}","{""きた""}","North"
"N5","半","{""はん""}","{""なか.ば""}","Half; Middle; Odd Number; Semi-; Part-"
"N4","古","{""こ""}","{""ふる.い"",""ふる-"",""-ふる.す""}","Old"
"N4","台","{""だい"",""たい""}","{""うてな"",""われ"",""つかさ""}","Pedestal; A Stand; Counter For Machines And Vehicles"
"N5","外","{""がい"",""げ""}","{""そと"",""ほか"",""はず.す"",""はず.れる"",""と-""}","Outside"
"N3","市","{""し""}","{""いち""}","Market; City; Town"
"N4","広","{""こう""}","{""ひろ.い"",""ひろ.まる"",""ひろ.める"",""ひろ.がる"",""ひろ.げる""}","Wide; Broad; Spacious"
"N5","母","{""ぼ""}","{""はは"",""も""}","Mother"
"N4","用","{""よう""}","{""もち.いる""}","Utilize; Business; Service; Use; Employ"
"N1","矢","{""し""}","{""や""}","Dart; Arrow"
"N4","世","{""せい"",""せ"",""そう""}","{""よ""}","Generation; World; Society; Public"
"N4","主","{""しゅ"",""す"",""しゅう""}","{""ぬし"",""おも"",""あるじ""}","Lord; Chief; Master; Main Thing; Principal"
"N3","他","{""た""}","{""ほか""}","Other; Another; The Others"
"N4","代","{""だい"",""たい""}","{""か.わる"",""かわ.る"",""かわ.り"",""か.わり"",""-がわ.り"",""-が.わり"",""か.える"",""よ"",""しろ""}","Substitute; Change; Convert; Replace; Period; Age; Counter For Decades Of Ages, Eras, Etc.; Generation; Charge; Rate; Fee"
"N4","写","{""しゃ"",""じゃ""}","{""うつ.す"",""うつ.る"",""うつ-"",""うつ.し""}","Copy; Be Photographed; Describe"
"N4","去","{""きょ"",""こ""}","{""さ.る"",""-さ.る""}","Gone; Past; Quit; Leave; Elapse; Eliminate; Divorce"
"N3","号","{""ごう""}","{""さけ.ぶ"",""よびな""}","Nickname; Number; Item; Title; Pseudonym; Name; Call"
"N2","央","{""おう""}","{}","Center; Middle"
"N3","平","{""へい"",""びょう"",""ひょう""}","{""たい.ら"",""-だいら"",""ひら"",""ひら-""}","Even; Flat; Peace"
"N3","打","{""だ"",""だあす""}","{""う.つ"",""う.ち-"",""ぶ.つ""}","Strike; Hit; Knock; Pound; Dozen"
"N2","氷","{""ひょう""}","{""こおり"",""ひ"",""こお.る""}","Icicle; Ice; Hail; Freeze; Congeal"
"N3","申","{""しん""}","{""もう.す"",""もう.し-"",""さる""}","Have The Honor To; Sign Of The Monkey; 3-5pm; Ninth Sign Of Chinese Zodiac"
"N2","皮","{""ひ""}","{""かわ""}","Pelt; Skin; Hide; Leather; Skin Radical (no. 107)"
"N2","皿","{""べい""}","{""さら""}","Dish; A Helping; Plate"
"N3","礼","{""れい"",""らい""}","{}","Salute; Bow; Ceremony; Thanks; Remuneration"
"N5","休","{""きゅう""}","{""やす.む"",""やす.まる"",""やす.める""}","Rest; Day Off; Retire; Sleep"
"N5","先","{""せん""}","{""さき"",""ま.ず""}","Before; Ahead; Previous; Future; Precedence"
"N5","名","{""めい"",""みょう""}","{""な"",""-な""}","Name; Noted; Distinguished; Reputation"
"N4","字","{""じ""}","{""あざ"",""あざな"",""-な""}","Character; Letter; Word; Section Of Village"
"N5","年","{""ねん""}","{""とし""}","Year; Counter For Years"
"N4","早","{""そう"",""さっ""}","{""はや.い"",""はや"",""はや-"",""はや.まる"",""はや.める"",""さ-""}","Early; Fast"
"N5","気","{""き"",""け""}","{""いき""}","Spirit; Mind; Air; Atmosphere; Mood"
"N5","百","{""ひゃく"",""びゃく""}","{""もも""}","Hundred"
"N2","竹","{""ちく""}","{""たけ""}","Bamboo"
"N2","糸","{""し""}","{""いと""}","Thread"
"N3","耳","{""じ""}","{""みみ""}","Ear"
"N2","虫","{""ちゅう"",""き""}","{""むし""}","Insect; Bug; Temper"
"N2","村","{""そん""}","{""むら""}","Village; Town"
"N5","男","{""だん"",""なん""}","{""おとこ"",""お""}","Male"
"N4","町","{""ちょう""}","{""まち""}","Town; Village; Block; Street"
"N4","花","{""か"",""け""}","{""はな""}","Flower"
"N5","見","{""けん""}","{""み.る"",""み.える"",""み.せる""}","See; Hopes; Chances; Idea; Opinion; Look At; Visible"
"N2","貝","{""ばい""}","{""かい""}","Shellfish"
"N4","赤","{""せき"",""しゃく""}","{""あか"",""あか-"",""あか.い"",""あか.らむ"",""あか.らめる""}","Red"
"N4","足","{""そく""}","{""あし"",""た.りる"",""た.る"",""た.す""}","Leg; Foot; Be Sufficient; Counter For Pairs Of Footwear"
"N5","車","{""しゃ""}","{""くるま""}","Car"
"N4","不","{""ふ"",""ぶ""}","{}","Negative; Non-; Bad; Ugly; Clumsy"
"N4","仕","{""し"",""じ""}","{""つか.える""}","Attend; Doing; Official; Serve"
"N3","交","{""こう""}","{""まじ.わる"",""まじ.える"",""ま.じる"",""まじ.る"",""ま.ざる"",""ま.ぜる"",""-か.う"",""か.わす"",""かわ.す"",""こもごも""}","Mingle; Mixing; Association; Coming & Going"
"N4","会","{""かい"",""え""}","{""あ.う"",""あ.わせる"",""あつ.まる""}","Meeting; Meet; Party; Association; Interview; Join"
"N3","光","{""こう""}","{""ひか.る"",""ひかり""}","Ray; Light"
"N4","同","{""どう""}","{""おな.じ""}","Same; Agree; Equal"
"N3","回","{""かい"",""え""}","{""まわ.る"",""-まわ.る"",""-まわ.り"",""まわ.す"",""-まわ.す"",""まわ.し-"",""-まわ.し"",""もとお.る"",""か.える""}","-times; Round; Game; Revolve; Counter For Occurrences"
"N4","多","{""た""}","{""おお.い"",""まさ.に"",""まさ.る""}","Many; Frequent; Much"
"N3","当","{""とう""}","{""あ.たる"",""あ.たり"",""あ.てる"",""あ.て"",""まさ.に"",""まさ.にべし""}","Hit; Right; Appropriate; Himself"
"N5","毎","{""まい""}","{""ごと"",""-ごと.に""}","Every"
"N2","池","{""ち""}","{""いけ""}","Pond; Cistern; Pool; Reservoir"
"N3","米","{""べい"",""まい"",""めえとる""}","{""こめ"",""よね""}","Rice; Usa; Metre"
"N2","羽","{""う""}","{""は"",""わ"",""はね""}","Feathers; Counter For Birds, Rabbits"
"N4","考","{""こう""}","{""かんが.える"",""かんが.え""}","Consider; Think Over"
"N4","肉","{""にく""}","{""しし""}","Meat"
"N4","自","{""じ"",""し""}","{""みずか.ら"",""おの.ずから"",""おの.ずと""}","Oneself"
"N4","色","{""しょく"",""しき""}","{""いろ""}","Color"
"N5","行","{""こう"",""ぎょう"",""あん""}","{""い.く"",""ゆ.く"",""-ゆ.き"",""-ゆき"",""-い.き"",""-いき"",""おこな.う"",""おこ.なう""}","Going; Journey; Carry Out; Conduct; Act; Line; Row; Bank"
"N5","西","{""せい"",""さい"",""す""}","{""にし""}","West; Spain"
"N5","何","{""か""}","{""なに"",""なん"",""なに-"",""なん-""}","What"
"N4","体","{""たい"",""てい""}","{""からだ"",""かたち""}","Body; Substance; Object; Reality; Counter For Images"
"N4","作","{""さく"",""さ""}","{""つく.る"",""つく.り"",""-づく.り""}","Make; Production; Prepare; Build"
"N4","図","{""ず"",""と""}","{""え"",""はか.る""}","Map; Drawing; Plan; Extraordinary; Audacious"
"N3","声","{""せい"",""しょう""}","{""こえ"",""こわ-""}","Voice"
"N4","売","{""ばい""}","{""う.る"",""う.れる""}","Sell"
"N4","弟","{""てい"",""だい"",""で""}","{""おとうと""}","Younger Brother; Faithful Service To Elders"
"N3","形","{""けい"",""ぎょう""}","{""かた"",""-がた"",""かたち"",""なり""}","Shape; Form; Style"
"N5","来","{""らい"",""たい""}","{""く.る"",""きた.る"",""きた.す"",""き.たす"",""き.たる"",""き"",""こ""}","Come; Due; Next; Cause; Become"
"N4","社","{""しゃ""}","{""やしろ""}","Company; Firm; Office; Association; Shrine"
"N2","角","{""かく""}","{""かど"",""つの""}","Angle; Corner; Square; Horn; Antlers"
"N4","言","{""げん"",""ごん""}","{""い.う"",""こと""}","Say; Word"
"N2","谷","{""こく""}","{""たに"",""きわ.まる""}","Valley"
"N4","走","{""そう""}","{""はし.る""}","Run"
"N4","近","{""きん"",""こん""}","{""ちか.い""}","Near; Early; Akin; Tantamount"
"N2","麦","{""ばく""}","{""むぎ""}","Barley; Wheat"
"N5","学","{""がく""}","{""まな.ぶ""}","Study; Learning; Science"
"N2","林","{""りん""}","{""はやし""}","Grove; Forest"
"N4","空","{""くう""}","{""そら"",""あ.く"",""あ.き"",""あ.ける"",""から"",""す.く"",""す.かす"",""むな.しい""}","Empty; Sky; Void; Vacant; Vacuum"
"N5","金","{""きん"",""こん"",""ごん""}","{""かね"",""かな-"",""-がね""}","Gold"
"N5","雨","{""う""}","{""あめ"",""あま-"",""-さめ""}","Rain"
"N4","青","{""せい"",""しょう""}","{""あお"",""あお-"",""あお.い""}","Blue; Green"
"N3","草","{""そう""}","{""くさ"",""くさ-"",""-ぐさ""}","Grass; Weeds; Herbs; Pasture; Write; Draft"
"N4","音","{""おん"",""いん"",""-のん""}","{""おと"",""ね""}","Sound; Noise"
"N3","化","{""か"",""け""}","{""ば.ける"",""ば.かす"",""ふ.ける"",""け.する""}","Change; Take The Form Of; Influence; Enchant; Delude; -ization"
"N4","地","{""ち"",""じ""}","{}","Ground; Earth"
"N3","両","{""りょう""}","{""てる"",""ふたつ""}","Both; Old Japanese Coin; Counter For Carriages (e.g., In A Train); Two"
"N3","全","{""ぜん""}","{""まった.く"",""すべ.て""}","Whole; Entire; All; Complete; Fulfill"
"N3","向","{""こう""}","{""む.く"",""む.い"",""-む.き"",""む.ける"",""-む.け"",""む.かう"",""む.かい"",""む.こう"",""む.こう-"",""むこ"",""むか.い""}","Yonder; Facing; Beyond; Confront; Defy; Tend Toward; Approach"
"N4","安","{""あん""}","{""やす.い"",""やす.まる"",""やす"",""やす.らか""}","Relax; Cheap; Low; Quiet; Rested; Contented; Peaceful"
"N2","州","{""しゅう"",""す""}","{""す""}","State; Province"
"N3","曲","{""きょく""}","{""ま.がる"",""ま.げる"",""くま""}","Bend; Music; Melody; Composition; Pleasure; Injustice; Fault; Curve; Crooked; Perverse; Lean"
"N4","有","{""ゆう"",""う""}","{""あ.る""}","Possess; Have; Exist; Happen; Occur; Approx"
"N3","次","{""じ"",""し""}","{""つ.ぐ"",""つぎ""}","Next; Order; Sequence"
"N4","死","{""し""}","{""し.ぬ"",""し.に-""}","Death; Die"
"N1","羊","{""よう""}","{""ひつじ""}","Sheep"
"N2","血","{""けつ""}","{""ち""}","Blood"
"N4","京","{""きょう"",""けい"",""きん""}","{""みやこ""}","Capital; 10**16"
"N5","国","{""こく""}","{""くに""}","Country"
"N4","夜","{""や""}","{""よ"",""よる""}","Night; Evening"
"N4","妹","{""まい""}","{""いもうと""}","Younger Sister"
"N4","姉","{""し""}","{""あね"",""はは""}","Elder Sister"
"N4","店","{""てん""}","{""みせ"",""たな""}","Store; Shop"
"N4","明","{""めい"",""みょう"",""みん""}","{""あ.かり"",""あか.るい"",""あか.るむ"",""あか.らむ"",""あき.らか"",""あ.ける"",""-あ.け"",""あ.く"",""あ.くる"",""あ.かす""}","Bright; Light"
"N5","東","{""とう""}","{""ひがし""}","East"
"N4","歩","{""ほ"",""ぶ"",""ふ""}","{""ある.く"",""あゆ.む""}","Walk; Counter For Steps"
"N4","画","{""が"",""かく"",""え"",""かい""}","{""えが.く"",""かく.する"",""かぎ.る"",""はかりごと"",""はか.る""}","Brush-stroke; Picture"
"N3","直","{""ちょく"",""じき"",""じか""}","{""ただ.ちに"",""なお.す"",""-なお.す"",""なお.る"",""なお.き"",""す.ぐ""}","Straightaway; Honesty; Frankness; Fix; Repair"
"N4","知","{""ち""}","{""し.る"",""し.らせる""}","Know; Wisdom"
"N5","長","{""ちょう""}","{""なが.い"",""おさ""}","Long; Leader; Superior; Senior"
"N5","前","{""ぜん""}","{""まえ"",""-まえ""}","In Front; Before"
"N5","南","{""なん"",""な""}","{""みなみ""}","South"
"N4","室","{""しつ""}","{""むろ""}","Room; Apartment; Chamber; Greenhouse; Cellar"
"N5","後","{""ご"",""こう""}","{""のち"",""うし.ろ"",""うしろ"",""あと"",""おく.れる""}","Behind; Back; Later"
"N4","思","{""し""}","{""おも.う"",""おもえら.く"",""おぼ.す""}","Think"
"N2","星","{""せい"",""しょう""}","{""ほし"",""-ぼし""}","Star; Spot; Dot; Mark"
"N3","活","{""かつ""}","{""い.きる"",""い.かす"",""い.ける""}","Lively; Resuscitation; Being Helped; Living"
"N4","海","{""かい""}","{""うみ""}","Sea; Ocean"
"N3","点","{""てん""}","{""つ.ける"",""つ.く"",""た.てる"",""さ.す"",""とぼ.す"",""とも.す"",""ぼち""}","Spot; Point; Mark; Speck; Decimal Point"
"N3","科","{""か""}","{}","Department; Course; Section"
"N4","茶","{""ちゃ"",""さ""}","{}","Tea"
"N5","食","{""しょく"",""じき""}","{""く.う"",""く.らう"",""た.べる"",""は.む""}","Eat; Food"
"N3","首","{""しゅ""}","{""くび""}","Neck; Counter For Songs And Poems"
"N3","欠","{""けつ"",""けん""}","{""か.ける"",""か.く""}","Lack; Gap; Fail; Yawning Radical (no. 76)"
"N1","氏","{""し""}","{""うじ"",""-うじ""}","Family Name; Surname; Clan"
"N3","由","{""ゆ"",""ゆう"",""ゆい""}","{""よし"",""よ.る""}","Wherefore; A Reason"
"N2","札","{""さつ""}","{""ふだ""}","Tag; Paper Money; Counter For Bonds; Placard; Bid"
"N3","民","{""みん""}","{""たみ""}","People; Nation; Subjects"
"N2","辺","{""へん""}","{""あた.り"",""ほと.り"",""-べ""}","Environs; Boundary; Border; Vicinity"
"N3","付","{""ふ""}","{""つ.ける"",""-つ.ける"",""-づ.ける"",""つ.け"",""つ.け-"",""-つ.け"",""-づ.け"",""-づけ"",""つ.く"",""-づ.く"",""つ.き"",""-つ.き"",""-つき"",""-づ.き"",""-づき""}","Adhere; Attach; Refer To; Append"
"N4","以","{""い""}","{""もっ.て""}","By Means Of; Because; In View Of; Compared With"
"N3","失","{""しつ""}","{""うしな.う"",""う.せる""}","Lose; Error; Fault; Disadvantage; Loss"
"N3","必","{""ひつ""}","{""かなら.ず""}","Invariably; Certain; Inevitable"
"N3","未","{""み"",""び""}","{""いま.だ"",""ま.だ"",""ひつじ""}","Un-; Not Yet; Hitherto; Still; Even Now; Sign Of The Ram; 1-3pm; Eighth Sign Of Chinese Zodiac"
"N3","末","{""まつ"",""ばつ""}","{""すえ""}","End; Close; Tip; Powder; Posterity"
"N5","校","{""こう"",""きょう""}","{}","Exam; School; Printing; Proof; Correction"
"N4","夏","{""か"",""が"",""げ""}","{""なつ""}","Summer"
"N4","家","{""か"",""け""}","{""いえ"",""や"",""うち""}","House; Home; Family; Professional; Expert; Performer"
"N2","弱","{""じゃく""}","{""よわ.い"",""よわ.る"",""よわ.まる"",""よわ.める""}","Weak; Frail"
"N5","時","{""じ""}","{""とき"",""-どき""}","Time; Hour"
"N4","紙","{""し""}","{""かみ""}","Paper"
"N3","記","{""き""}","{""しる.す""}","Scribe; Account; Narrative"
"N4","通","{""つう"",""つ""}","{""とお.る"",""とお.り"",""-とお.り"",""-どお.り"",""とお.す"",""とお.し"",""-どお.し"",""かよ.う""}","Traffic; Pass Through; Avenue; Commute; Counter For Letters, Notes, Documents, Etc."
"N5","高","{""こう""}","{""たか.い"",""たか"",""-だか"",""たか.まる"",""たか.める""}","Tall; High; Expensive"
"N4","強","{""きょう"",""ごう""}","{""つよ.い"",""つよ.まる"",""つよ.める"",""し.いる"",""こわ.い""}","Strong"
"N4","教","{""きょう""}","{""おし.える"",""おそ.わる""}","Teach; Faith; Doctrine"
"N4","理","{""り""}","{""ことわり""}","Logic; Arrangement; Reason; Justice; Truth"
"N3","組","{""そ""}","{""く.む"",""くみ"",""-ぐみ""}","Association; Braid; Plait; Construct; Assemble; Unite; Cooperate; Grapple"
"N3","船","{""せん""}","{""ふね"",""ふな-""}","Ship; Boat"
"N4","週","{""しゅう""}","{}","Week"
"N3","雪","{""せつ""}","{""ゆき""}","Snow"
"N4","魚","{""ぎょ""}","{""うお"",""さかな"",""-ざかな""}","Fish"
"N4","鳥","{""ちょう""}","{""とり""}","Bird; Chicken"
"N2","黄","{""こう"",""おう""}","{""き"",""こ-""}","Yellow"
"N4","黒","{""こく""}","{""くろ"",""くろ.ずむ"",""くろ.い""}","Black"
"N3","支","{""し""}","{""ささ.える"",""つか.える"",""か.う""}","Branch; Support; Sustain; Branch Radical (no. 65)"
"N4","住","{""じゅう"",""ぢゅう"",""ちゅう""}","{""す.む"",""す.まう"",""-ず.まい""}","Dwell; Reside; Live; Inhabit"
"N3","助","{""じょ""}","{""たす.ける"",""たす.かる"",""す.ける"",""すけ""}","Help; Rescue; Assist"
"N4","医","{""い""}","{""い.やす"",""い.する"",""くすし""}","Doctor; Medicine"
"N3","君","{""くん""}","{""きみ"",""-ぎみ""}","Mister; You; Ruler; Male Name Suffix"
"N3","対","{""たい"",""つい""}","{""あいて"",""こた.える"",""そろ.い"",""つれあ.い"",""なら.ぶ"",""むか.う""}","Vis-a-vis; Opposite; Even; Equal; Versus; Anti-; Compare"
"N3","局","{""きょく""}","{""つぼね""}","Bureau; Board; Office; Affair; Conclusion; Court Lady; Lady-in-waiting; Her Apartment"
"N3","役","{""やく"",""えき""}","{}","Duty; War; Campaign; Drafted Labor; Office; Service; Role"
"N3","投","{""とう""}","{""な.げる"",""-な.げ""}","Throw; Discard; Abandon; Launch Into; Join; Invest In; Hurl; Give Up; Sell At A Loss"
"N3","決","{""けつ""}","{""き.める"",""-ぎ.め"",""き.まる"",""さ.く""}","Decide; Fix; Agree Upon; Appoint"
"N4","究","{""きゅう"",""く""}","{""きわ.める""}","Research; Study"
"N4","者","{""しゃ""}","{""もの""}","Someone; Person"
"N4","研","{""けん""}","{""と.ぐ""}","Polish; Study Of; Sharpen"
"N3","馬","{""ば""}","{""うま"",""うま-"",""ま""}","Horse"
"N2","森","{""しん""}","{""もり""}","Forest; Woods"
"N4","場","{""じょう"",""ちょう""}","{""ば""}","Location; Place"
"N4","朝","{""ちょう""}","{""あさ""}","Morning; Dynasty; Regime; Epoch; Period; (north) Korea"
"N3","番","{""ばん""}","{""つが.い""}","Turn; Number In A Series"
"N4","答","{""とう""}","{""こた.える"",""こた.え""}","Solution; Answer"
"N3","絵","{""かい"",""え""}","{}","Picture; Drawing; Painting; Sketch"
"N4","買","{""ばい""}","{""か.う""}","Buy"
"N4","道","{""どう"",""とう""}","{""みち"",""いう""}","Road-way; Street; District; Journey; Course; Moral; Teachings"
"N5","間","{""かん"",""けん""}","{""あいだ"",""ま"",""あい""}","Interval; Space"
"N2","雲","{""うん""}","{""くも"",""-ぐも""}","Cloud"
"N3","数","{""すう"",""す"",""さく"",""そく"",""しゅ""}","{""かず"",""かぞ.える"",""しばしば"",""せ.める"",""わずらわ.しい""}","Number; Strength; Fate; Law; Figures"
"N4","楽","{""がく"",""らく"",""ごう""}","{""たの.しい"",""たの.しむ"",""この.む""}","Music; Comfort; Ease"
"N5","話","{""わ""}","{""はな.す"",""はなし""}","Tale; Talk"
"N5","電","{""でん""}","{}","Electricity"
"N3","所","{""しょ""}","{""ところ"",""-ところ"",""どころ"",""とこ""}","Place; Extent"
"N4","事","{""じ"",""ず""}","{""こと"",""つか.う"",""つか.える""}","Matter; Thing; Fact; Business; Reason; Possibly"
"N4","使","{""し""}","{""つか.う"",""つか.い"",""-つか.い"",""-づか.い""}","Use; Send On A Mission; Order; Messenger; Envoy; Ambassador; Cause"
"N3","具","{""ぐ""}","{""そな.える"",""つぶさ.に""}","Tool; Utensil; Means; Possess; Ingredients; Counter For Armor, Suits, Sets Of Furniture"
"N3","受","{""じゅ""}","{""う.ける"",""-う.け"",""う.かる""}","Accept; Undergo; Answer (phone); Take; Get; Catch; Receive"
"N3","和","{""わ"",""お"",""か""}","{""やわ.らぐ"",""やわ.らげる"",""なご.む"",""なご.やか"",""あ.える""}","Harmony; Japanese Style; Peace; Soften; Japan"
"N4","始","{""し""}","{""はじ.める"",""-はじ.める"",""はじ.まる""}","Commence; Begin"
"N3","定","{""てい"",""じょう""}","{""さだ.める"",""さだ.まる"",""さだ.か""}","Determine; Fix; Establish; Decide"
"N3","実","{""じつ"",""しつ""}","{""み"",""みの.る"",""まこと"",""みの"",""みち.る""}","Reality; Truth"
"N4","服","{""ふく""}","{}","Clothing; Admit; Obey; Discharge"
"N3","泳","{""えい""}","{""およ.ぐ""}","Swim"
"N4","物","{""ぶつ"",""もつ""}","{""もの"",""もの-""}","Thing; Object; Matter"
"N3","苦","{""く""}","{""くる.しい"",""-ぐる.しい"",""くる.しむ"",""くる.しめる"",""にが.い"",""にが.る""}","Suffering; Trial; Worry; Hardship; Feel Bitter; Scowl"
"N3","表","{""ひょう""}","{""おもて"",""-おもて"",""あらわ.す"",""あらわ.れる"",""あら.わす""}","Surface; Table; Chart; Diagram"
"N3","部","{""ぶ""}","{""-べ""}","Section; Bureau; Dept; Class; Copy; Part; Portion; Counter For Copies Of A Newspaper Or Magazine"
"N3","乗","{""じょう"",""しょう""}","{""の.る"",""-の.り"",""の.せる""}","Ride; Power; Multiplication; Record; Counter For Vehicles; Board; Mount; Join"
"N3","客","{""きゃく"",""かく""}","{}","Guest; Visitor; Customer; Client"
"N4","屋","{""おく""}","{""や""}","Roof; House; Shop; Dealer; Seller"
"N4","度","{""ど"",""と"",""たく""}","{""たび"",""-た.い""}","Degrees; Occurrence; Time; Counter For Occurrences; Consider; Attitude"
"N4","待","{""たい""}","{""ま.つ"",""-ま.ち""}","Wait; Depend On"
"N4","持","{""じ""}","{""も.つ"",""-も.ち"",""も.てる""}","Hold; Have"
"N4","界","{""かい""}","{}","World; Boundary"
"N4","発","{""はつ"",""ほつ""}","{""た.つ"",""あば.く"",""おこ.る"",""つか.わす"",""はな.つ""}","Departure; Discharge; Publish; Emit; Start From; Disclose; Counter For Gunshots"
"N3","相","{""そう"",""しょう""}","{""あい-""}","Inter-; Mutual; Together; Each Other; Minister Of State; Councillor; Aspect; Phase; Physiognomy"
"N2","県","{""けん""}","{""か.ける""}","Prefecture"
"N3","美","{""び"",""み""}","{""うつく.しい""}","Beauty; Beautiful"
"N3","負","{""ふ""}","{""ま.ける"",""ま.かす"",""お.う""}","Defeat; Negative; -; Minus; Bear; Owe; Assume A Responsibility"
"N4","送","{""そう""}","{""おく.る""}","Escort; Send"
"N4","重","{""じゅう"",""ちょう""}","{""え"",""おも.い"",""おも.り"",""おも.なう"",""かさ.ねる"",""かさ.なる"",""おも""}","Heavy; Important; Esteem; Respect; Heap Up; Pile Up; Nest Of Boxes; -fold"
"N3","談","{""だん""}","{}","Discuss; Talk"
"N3","要","{""よう""}","{""い.る"",""かなめ""}","Need; Main Point; Essence; Pivot; Key To"
"N3","勝","{""しょう""}","{""か.つ"",""-が.ち"",""まさ.る"",""すぐ.れる"",""かつ""}","Victory; Win; Prevail; Excel"
"N1","仮","{""か"",""け""}","{""かり"",""かり-""}","Sham; Temporary; Interim; Assumed (name); Informal"
"N4","起","{""き""}","{""お.きる"",""お.こる"",""お.こす"",""おこ.す"",""た.つ""}","Rouse; Wake Up; Get Up"
"N3","速","{""そく""}","{""はや.い"",""はや-"",""はや.める"",""すみ.やか""}","Quick; Fast"
"N3","配","{""はい""}","{""くば.る""}","Distribute; Spouse; Exile; Rationing"
"N3","酒","{""しゅ""}","{""さけ"",""さか-""}","Sake; Alcohol"
"N4","院","{""いん""}","{}","Inst.; Institution; Temple; Mansion; School"
"N4","終","{""しゅう""}","{""お.わる"",""-お.わる"",""おわ.る"",""お.える"",""つい"",""つい.に""}","End; Finish"
"N4","習","{""しゅう"",""じゅ""}","{""なら.う"",""なら.い""}","Learn"
"N4","転","{""てん""}","{""ころ.がる"",""ころ.げる"",""ころ.がす"",""ころ.ぶ"",""まろ.ぶ"",""うたた"",""うつ.る"",""くる.めく""}","Revolve; Turn Around; Change"
"N3","進","{""しん""}","{""すす.む"",""すす.める""}","Advance; Proceed; Progress; Promote"
"N3","落","{""らく""}","{""お.ちる"",""お.ち"",""お.とす""}","Fall; Drop; Come Down; Village; Hamlet"
"N3","葉","{""よう""}","{""は""}","Leaf; Plane; Lobe; Needle; Blade; Spear; Counter For Flat Things; Fragment; Piece"
"N2","軽","{""けい"",""きょう"",""きん""}","{""かる.い"",""かろ.やか"",""かろ.んじる""}","Lightly; Trifling; Unimportant"
"N4","運","{""うん""}","{""はこ.ぶ""}","Carry; Luck; Destiny; Fate; Lot; Transport; Progress; Advance"
"N4","開","{""かい""}","{""ひら.く"",""ひら.き"",""-びら.き"",""ひら.ける"",""あ.く"",""あ.ける""}","Open; Unfold; Unseal"
"N4","集","{""しゅう""}","{""あつ.まる"",""あつ.める"",""つど.う""}","Gather; Meet; Congregate; Swarm; Flock"
"N4","飲","{""いん"",""おん""}","{""の.む"",""-の.み""}","Drink; Smoke; Take"
"N4","業","{""ぎょう"",""ごう""}","{""わざ""}","Business; Vocation; Arts; Performance"
"N4","漢","{""かん""}","{}","Sino-; China"
"N3","路","{""ろ"",""る""}","{""-じ"",""みち""}","Path; Route; Road; Distance"
"N2","農","{""のう""}","{}","Agriculture; Farmers"
"N2","鉄","{""てつ""}","{""くろがね""}","Iron"
"N4","歌","{""か""}","{""うた"",""うた.う""}","Song; Sing"
"N2","算","{""さん""}","{""そろ""}","Calculate; Divining; Number; Abacus; Probability"
"N5","聞","{""ぶん"",""もん""}","{""き.く"",""き.こえる""}","Hear; Ask; Listen"
"N5","語","{""ご""}","{""かた.る"",""かた.らう""}","Word; Speech; Language"
"N5","読","{""どく"",""とく"",""とう""}","{""よ.む"",""-よ.み""}","Read"
"N3","鳴","{""めい""}","{""な.く"",""な.る"",""な.らす""}","Chirp; Cry; Bark; Sound; Ring; Echo; Honk"
"N2","線","{""せん""}","{""すじ""}","Line; Track"
"N3","横","{""おう""}","{""よこ""}","Sideways; Side; Horizontal; Width; Woof; Unreasonable; Perverse"
"N3","調","{""ちょう""}","{""しら.べる"",""しら.べ"",""ととの.う"",""ととの.える""}","Tune; Tone; Meter; Key (music); Writing Style; Prepare; Exorcise; Investigate; Harmonize; Mediate"
"N4","親","{""しん""}","{""おや"",""おや-"",""した.しい"",""した.しむ""}","Parent; Intimacy; Relative; Familiarity; Dealer (cards)"
"N3","頭","{""とう"",""ず"",""と""}","{""あたま"",""かしら"",""-がしら"",""かぶり""}","Head; Counter For Large Animals"
"N3","顔","{""がん""}","{""かお""}","Face; Expression"
"N4","病","{""びょう"",""へい""}","{""や.む"",""-や.み"",""やまい""}","Ill; Sick"
"N3","最","{""さい"",""しゅ""}","{""もっと.も"",""つま""}","Utmost; Most; Extreme"
"N3","争","{""そう""}","{""あらそ.う"",""いか.でか""}","Contend; Dispute; Argue"
"N2","仲","{""ちゅう""}","{""なか""}","Go-between; Relationship"
"N3","伝","{""でん"",""てん""}","{""つた.わる"",""つた.える"",""つた.う"",""つだ.う"",""-づた.い"",""つて""}","Transmit; Go Along; Walk Along; Follow; Report; Communicate; Legend; Tradition"
"N3","共","{""きょう""}","{""とも"",""とも.に"",""-ども""}","Together; Both; Neither; All; And; Alike; With"
"N3","好","{""こう""}","{""この.む"",""す.く"",""よ.い"",""い.い""}","Fond; Pleasing; Like Something"
"N3","成","{""せい"",""じょう""}","{""な.る"",""な.す"",""-な.す""}","Turn Into; Become; Get; Grow; Elapse; Reach"
"N3","老","{""ろう""}","{""お.いる"",""ふ.ける""}","Old Man; Old Age; Grow Old"
"N3","位","{""い""}","{""くらい"",""ぐらい""}","Rank; Grade; Throne; Crown; About; Some"
"N2","低","{""てい""}","{""ひく.い"",""ひく.める"",""ひく.まる""}","Lower; Short; Humble"
"N3","初","{""しょ""}","{""はじ.め"",""はじ.めて"",""はつ"",""はつ-"",""うい-"",""-そ.める"",""-ぞ.め""}","First Time; Beginning"
"N4","別","{""べつ""}","{""わか.れる"",""わ.ける""}","Separate; Branch Off; Diverge; Fork; Another; Extra; Specially"
"N3","利","{""り""}","{""き.く""}","Profit; Advantage; Benefit"
"N3","努","{""ど""}","{""つと.める""}","Toil; Diligent; As Much As Possible"
"N3","労","{""ろう""}","{""ろう.する"",""いたわ.る"",""いた.ずき"",""ねぎら"",""つか.れる"",""ねぎら.う""}","Labor; Thank For; Reward For; Toil; Trouble"
"N3","命","{""めい"",""みょう""}","{""いのち""}","Fate; Command; Decree; Destiny; Life; Appoint"
"N2","岸","{""がん""}","{""きし""}","Beach"
"N3","放","{""ほう""}","{""はな.す"",""-っぱな.し"",""はな.つ"",""はな.れる"",""こ.く"",""ほう.る""}","Set Free; Release; Fire; Shoot; Emit; Banish; Liberate"
"N3","昔","{""せき"",""しゃく""}","{""むかし""}","Once Upon A Time; Antiquity; Old Times"
"N2","波","{""は""}","{""なみ""}","Waves; Billows; Poland"
"N4","注","{""ちゅう""}","{""そそ.ぐ"",""さ.す"",""つ.ぐ""}","Pour; Irrigate; Shed (tears); Flow Into; Concentrate On; Notes; Comment; Annotate"
"N3","育","{""いく""}","{""そだ.つ"",""そだ.ち"",""そだ.てる"",""はぐく.む""}","Bring Up; Grow Up; Raise; Rear"
"N2","拾","{""しゅう"",""じゅう""}","{""ひろ.う""}","Pick Up; Gather; Find; Go On Foot; Ten"
"N3","指","{""し""}","{""ゆび"",""さ.す"",""-さ.し""}","Finger; Point To; Indicate; Put Into; Play (chess); Measure (ruler)"
"N4","洋","{""よう""}","{}","Ocean; Sea; Foreign; Western Style"
"N3","神","{""しん"",""じん""}","{""かみ"",""かん-"",""こう-""}","Gods; Mind; Soul"
"N2","秒","{""びょう""}","{}","Second (1/60 Minute)"
"N1","級","{""きゅう""}","{}","Class; Rank; Grade"
"N3","追","{""つい""}","{""お.う""}","Chase; Drive Away; Follow; Pursue; Meanwhile"
"N3","戦","{""せん""}","{""いくさ"",""たたか.う"",""おのの.く"",""そよ.ぐ"",""わなな.く""}","War; Battle; Match"
"N2","競","{""きょう"",""けい""}","{""きそ.う"",""せ.る"",""くら.べる""}","Emulate; Compete With; Bid; Sell At Auction; Bout; Contest; Race"
"N3","良","{""りょう""}","{""よ.い"",""-よ.い"",""い.い"",""-い.い""}","Good; Pleasing; Skilled"
"N1","功","{""こう"",""く""}","{""いさお""}","Achievement; Merits; Success; Honor; Credit"
"N4","特","{""とく""}","{}","Special"
"N3","便","{""べん"",""びん""}","{""たよ.り""}","Convenience; Facility; Excrement; Feces; Letter; Chance"
"N3","働","{""どう""}","{""はたら.く""}","Work; (kokuji)"
"N2","令","{""れい""}","{}","Orders; Ancient Laws; Command; Decree"
"N4","意","{""い""}","{}","Idea; Mind; Heart; Taste; Thought; Desire; Care; Liking"
"N4","味","{""み""}","{""あじ"",""あじ.わう""}","Flavor; Taste"
"N4","勉","{""べん""}","{""つと.める""}","Exertion; Endeavour; Encourage; Strive; Make Effort; Diligent"
"N3","庭","{""てい""}","{""にわ""}","Courtyard; Garden; Yard"
"N3","息","{""そく""}","{""いき""}","Breath; Respiration; Son; Interest (on Money)"
"N4","旅","{""りょ""}","{""たび""}","Trip; Travel"
"N2","根","{""こん""}","{""ね"",""-ね""}","Root; Radical; Head (pimple)"
"N3","流","{""りゅう"",""る""}","{""なが.れる"",""なが.れ"",""なが.す"",""-なが.す""}","Current; A Sink; Flow; Forfeit"
"N3","消","{""しょう""}","{""き.える"",""け.す""}","Extinguish; Blow Out; Turn Off; Neutralize; Cancel"
"N2","倍","{""ばい""}","{}","Double; Twice; Times; Fold"
"N4","員","{""いん""}","{}","Employee; Member; Number; The One In Charge"
"N2","島","{""とう""}","{""しま""}","Island"
"N2","祭","{""さい""}","{""まつ.る"",""まつ.り"",""まつり""}","Ritual; Offer Prayers; Celebrate; Deify; Enshrine; Worship"
"N2","章","{""しょう""}","{}","Badge; Chapter; Composition; Poem; Design"
"N1","第","{""だい"",""てい""}","{}","No.; Residence"
"N3","都","{""と"",""つ""}","{""みやこ""}","Metropolis; Capital; All; Everything"
"N4","動","{""どう""}","{""うご.く"",""うご.かす""}","Move; Motion; Change; Confusion; Shift; Shake"
"N3","商","{""しょう""}","{""あきな.う""}","Make A Deal; Selling; Dealing In; Merchant"
"N4","悪","{""あく"",""お""}","{""わる.い"",""わる-"",""あ.し"",""にく.い"",""-にく.い"",""ああ"",""いずくに"",""いずくんぞ"",""にく.む""}","Bad; Vice; Rascal; False; Evil; Wrong"
"N4","族","{""ぞく""}","{}","Tribe; Family"
"N3","深","{""しん""}","{""ふか.い"",""-ぶか.い"",""ふか.まる"",""ふか.める"",""み-""}","Deep; Heighten; Intensify; Strengthen"
"N3","球","{""きゅう""}","{""たま""}","Ball; Sphere"
"N2","童","{""どう""}","{""わらべ""}","Juvenile; Child"
"N3","陽","{""よう""}","{""ひ""}","Sunshine; Yang Principle; Positive; Male; Heaven; Daytime"
"N2","階","{""かい""}","{""きざはし""}","Storey; Stair; Counter For Storeys Of A Building"
"N3","寒","{""かん""}","{""さむ.い""}","Cold"
"N3","悲","{""ひ""}","{""かな.しい"",""かな.しむ""}","Grieve; Sad; Deplore; Regret"
"N1","暑","{""しょ""}","{""あつ.い""}","Sultry; Hot; Summer Heat"
"N3","期","{""き"",""ご""}","{}","Period; Time; Date; Term"
"N2","植","{""しょく""}","{""う.える"",""う.わる""}","Plant"
"N3","歯","{""し""}","{""よわい"",""は"",""よわ.い"",""よわい.する""}","Tooth; Cog"
"N2","温","{""おん""}","{""あたた.か"",""あたた.かい"",""あたた.まる"",""あたた.める"",""ぬく""}","Warm"
"N3","港","{""こう""}","{""みなと""}","Harbor"
"N2","湯","{""とう""}","{""ゆ""}","Hot Water; Bath; Hot Spring"
"N3","登","{""とう"",""と"",""どう"",""しょう"",""ちょう""}","{""のぼ.る"",""あ.がる""}","Ascend; Climb Up"
"N4","着","{""ちゃく"",""じゃく""}","{""き.る"",""-ぎ"",""き.せる"",""-き.せ"",""つ.く"",""つ.ける""}","Don; Arrive; Wear; Counter For Suits Of Clothing"
"N2","短","{""たん""}","{""みじか.い""}","Short; Brevity; Fault; Defect; Weak Point"
"N4","野","{""や"",""しょ""}","{""の"",""の-""}","Plains; Field; Rustic; Civilian Life"
"N2","泉","{""せん""}","{""いずみ""}","Spring; Fountain"
"N5","生","{""せい"",""しょう""}","{""い.きる"",""い.かす"",""い.ける"",""う.まれる"",""うま.れる"",""う.まれ"",""うまれ"",""う.む"",""お.う"",""は.える"",""は.やす"",""き"",""なま"",""なま-"",""な.る"",""な.す"",""む.す"",""-う""}","Life; Genuine; Birth"
"N3","亡","{""ぼう"",""もう""}","{""な.い"",""な.き-"",""ほろ.びる"",""ほろ.ぶ"",""ほろ.ぼす""}","Deceased; The Late; Dying; Perish"
"N3","合","{""ごう"",""がっ"",""かっ""}","{""あ.う"",""-あ.う"",""あ.い"",""あい-"",""-あ.い"",""-あい"",""あ.わす"",""あ.わせる"",""-あ.わせる""}","Fit; Suit; Join; 0.1"
"N4","風","{""ふう"",""ふ""}","{""かぜ"",""かざ-"",""-かぜ""}","Wind; Air; Style; Manner"
"N3","予","{""よ"",""しゃ""}","{""あらかじ.め""}","Beforehand; Previous; Myself; I"
"N3","反","{""はん"",""ほん"",""たん"",""ほ""}","{""そ.る"",""そ.らす"",""かえ.す"",""かえ.る"",""-かえ.る""}","Anti-"
"N4","新","{""しん""}","{""あたら.しい"",""あら.た"",""あら-"",""にい-""}","New"
"N3","返","{""へん""}","{""かえ.す"",""-かえ.す"",""かえ.る"",""-かえ.る""}","Return; Answer; Fade; Repay"
"N4","問","{""もん""}","{""と.う"",""と.い"",""とん""}","Question; Ask; Problem"
"N3","宿","{""しゅく""}","{""やど"",""やど.る"",""やど.す""}","Inn; Lodging; Relay Station; Dwell; Lodge; Be Pregnant; Home; Dwelling"
"N3","想","{""そう"",""そ""}","{""おも.う""}","Concept; Think; Idea; Thought"
"N3","感","{""かん""}","{}","Emotion; Feeling; Sensation"
"N1","整","{""せい""}","{""ととの.える"",""ととの.う""}","Organize; Arranging; Tune; Tone; Meter; Key (music)"
"N3","暗","{""あん""}","{""くら.い"",""くら.む"",""くれ.る""}","Darkness; Disappear; Shade; Informal; Grow Dark; Be Blinded"
"N3","様","{""よう"",""しょう""}","{""さま"",""さん""}","Esq.; Way; Manner; Situation; Polite Suffix"
"N2","橋","{""きょう""}","{""はし""}","Bridge"
"N3","福","{""ふく""}","{}","Blessing; Fortune; Luck; Wealth"
"N2","緑","{""りょく"",""ろく""}","{""みどり""}","Green"
"N2","練","{""れん""}","{""ね.る"",""ね.り""}","Practice; Gloss; Train; Drill; Polish; Refine"
"N1","詩","{""し""}","{""うた""}","Poem; Poetry"
"N4","銀","{""ぎん""}","{""しろがね""}","Silver"
"N4","題","{""だい""}","{}","Topic; Subject"
"N4","館","{""かん""}","{""やかた"",""たて""}","Building; Mansion; Large Building; Palace"
"N4","駅","{""えき""}","{}","Station"
"N2","億","{""おく""}","{}","Hundred Million; 10**8"
"N1","器","{""き""}","{""うつわ""}","Utensil; Vessel; Receptacle; Implement; Instrument; Ability; Container; Tool; Set"
"N1","士","{""し""}","{""さむらい""}","Gentleman; Scholar; Samurai; Samurai Radical (no. 33)"
"N4","料","{""りょう""}","{}","Fee; Materials"
"N1","標","{""ひょう""}","{""しるべ"",""しるし""}","Signpost; Seal; Mark; Stamp; Imprint; Symbol; Emblem; Trademark; Evidence; Souvenir; Target"
"N3","殺","{""さつ"",""さい"",""せつ""}","{""ころ.す"",""-ごろ.し"",""そ.ぐ""}","Kill; Murder; Butcher; Slice Off; Split; Diminish; Reduce; Spoil"
"N3","然","{""ぜん"",""ねん""}","{""しか"",""しか.り"",""しか.し"",""さ""}","Sort Of Thing; So; If So; In That Case; Well"
"N3","熱","{""ねつ""}","{""あつ.い""}","Heat; Temperature; Fever; Mania; Passion"
"N2","課","{""か""}","{}","Chapter; Lesson; Section; Department; Division; Counter For Chapters (of A Book)"
"N2","賞","{""しょう""}","{""ほ.める""}","Prize; Reward; Praise"
"N2","輪","{""りん""}","{""わ""}","Wheel; Ring; Circle; Link; Loop; Counter For Wheels And Flowers"
"N3","選","{""せん""}","{""えら.ぶ""}","Elect; Select; Choose; Prefer"
"N1","鏡","{""きょう"",""けい""}","{""かがみ""}","Mirror; Speculum; Barrel-head; Round Rice-cake Offering"
"N3","願","{""がん""}","{""ねが.う"",""-ねがい""}","Petition; Request; Vow; Wish; Hope"
"N1","養","{""よう"",""りょう""}","{""やしな.う""}","Foster; Bring Up; Rear; Develop; Nurture"
"N2","像","{""ぞう""}","{}","Statue; Picture; Image; Figure; Portrait"
"N3","情","{""じょう"",""せい""}","{""なさ.け""}","Feelings; Emotion; Passion; Sympathy; Circumstances; Facts"
"N1","謝","{""しゃ""}","{""あやま.る""}","Apologize; Thank; Refuse"
"N4","映","{""えい""}","{""うつ.る"",""うつ.す"",""は.える"",""-ば.え""}","Reflect; Reflection; Projection"
"N3","疑","{""ぎ""}","{""うたが.う""}","Doubt; Distrust; Be Suspicious; Question"
"N3","皆","{""かい""}","{""みな"",""みんな""}","All; Everything"
"N3","例","{""れい""}","{""たと.える""}","Example; Custom; Usage; Precedent"
"N2","卒","{""そつ"",""しゅつ""}","{""そっ.する"",""お.える"",""お.わる"",""ついに"",""にわか""}","Graduate; Soldier; Private; Die"
"N2","協","{""きょう""}","{}","Co-; Cooperation"
"N3","参","{""さん"",""しん""}","{""まい.る"",""まい-"",""まじわる"",""みつ""}","Nonplussed; Three (in Documents); Going; Coming; Visiting; Visit; Be Defeated; Die; Be Madly In Love; Participate; Take Part In"
"N2","周","{""しゅう""}","{""まわ.り""}","Circumference; Circuit; Lap"
"N2","囲","{""い""}","{""かこ.む"",""かこ.う"",""かこ.い""}","Surround; Besiege; Store; Paling; Enclosure; Encircle; Preserve; Keep"
"N2","固","{""こ""}","{""かた.める"",""かた.まる"",""かた.まり"",""かた.い""}","Harden; Set; Clot; Curdle"
"N2","季","{""き""}","{}","Seasons"
"N3","完","{""かん""}","{}","Perfect; Completion; End"
"N2","希","{""き"",""け""}","{""まれ""}","Hope; Beg; Request; Pray; Beseech; Greece; Dilute (acid); Rare; Few; Phenomenal"
"N3","念","{""ねん""}","{}","Wish; Sense; Idea; Thought; Feeling; Desire; Attention"
"N3","折","{""せつ"",""しゃく""}","{""お.る"",""おり"",""お.り"",""-お.り"",""お.れる""}","Fold; Break; Fracture; Bend; Yield; Submit"
"N3","望","{""ぼう"",""もう""}","{""のぞ.む"",""もち""}","Ambition; Full Moon; Hope; Desire; Aspire To; Expect"
"N2","材","{""ざい""}","{}","Lumber; Log; Timber; Wood; Materials; Ingredients; Talent"
"N3","束","{""そく""}","{""たば"",""たば.ねる"",""つか"",""つか.ねる""}","Bundle; Sheaf; Ream; Tie In Bundles; Govern; Manage; Control"
"N1","松","{""しょう""}","{""まつ""}","Pine Tree"
"N3","残","{""ざん"",""さん""}","{""のこ.る"",""のこ.す"",""そこな.う"",""のこ.り""}","Remainder; Leftover; Balance"
"N3","求","{""きゅう"",""ぐ""}","{""もと.める""}","Request; Want; Wish For; Require; Demand"
"N3","約","{""やく""}","{""つづ.まる"",""つづ.める"",""つづま.やか""}","Promise; Approximately; Shrink"
"N2","芸","{""げい"",""うん""}","{""う.える"",""のり"",""わざ""}","Technique; Art; Craft; Performance; Acting; Trick; Stunt"
"N1","基","{""き""}","{""もと"",""もとい""}","Fundamentals; Radical (chem); Counter For Machines; Foundation"
"N3","性","{""せい"",""しょう""}","{""さが""}","Sex; Gender; Nature"
"N2","技","{""ぎ""}","{""わざ""}","Skill; Art; Craft; Ability; Feat; Performance; Vocation; Arts"
"N3","格","{""かく"",""こう"",""きゃく"",""ごう""}","{}","Status; Rank; Capacity; Character; Case (law, Grammar)"
"N3","能","{""のう""}","{""よ.く""}","Ability; Talent; Skill; Capacity"
"N3","術","{""じゅつ""}","{""すべ""}","Art; Technique; Skill; Means; Trick; Resources; Magic"
"N4","私","{""し""}","{""わたくし"",""わたし""}","Private; I; Me"
"N2","骨","{""こつ""}","{""ほね""}","Skeleton; Bone; Remains; Frame"
"N1","妥","{""だ""}","{}","Gentle; Peace; Depravity"
"N1","雰","{""ふん""}","{}","Atmosphere; Fog"
"N1","頑","{""がん""}","{""かたく""}","Stubborn; Foolish; Firmly"
"N2","寺","{""じ""}","{""てら""}","Buddhist Temple"
"N2","岩","{""がん""}","{""いわ""}","Boulder; Rock; Cliff"
"N4","帰","{""き""}","{""かえ.る"",""かえ.す"",""おく.る"",""とつ.ぐ""}","Homecoming; Arrive At; Lead To; Result In"
"N4","春","{""しゅん""}","{""はる""}","Springtime; Spring (season)"
"N4","昼","{""ちゅう""}","{""ひる""}","Daytime; Noon"
"N3","晴","{""せい""}","{""は.れる"",""は.れ"",""は.れ-"",""-ば.れ"",""は.らす""}","Clear Up"
"N4","秋","{""しゅう""}","{""あき"",""とき""}","Autumn"
"N4","計","{""けい""}","{""はか.る"",""はか.らう""}","Plot; Plan; Scheme; Measure"
"N3","列","{""れつ"",""れ""}","{}","File; Row; Rank; Tier; Column"
"N2","区","{""く"",""おう"",""こう""}","{}","Ward; District"
"N2","坂","{""はん""}","{""さか""}","Slope; Incline; Hill"
"N3","式","{""しき""}","{}","Style; Ceremony; Rite; Function; Method; System; Form; Expression"
"N3","信","{""しん""}","{}","Faith; Truth; Fidelity; Trust"
"N2","勇","{""ゆう""}","{""いさ.む""}","Courage; Cheer Up; Be In High Spirits; Bravery; Heroism"
"N3","単","{""たん""}","{""ひとえ""}","Simple; One; Single; Merely"
"N1","司","{""し""}","{""つかさど.る""}","Director; Official; Govt Office; Rule; Administer"
"N3","変","{""へん""}","{""か.わる"",""か.わり"",""か.える""}","Unusual; Change; Strange"
"N3","夫","{""ふ"",""ふう"",""ぶ""}","{""おっと"",""それ""}","Husband; Man"
"N4","建","{""けん"",""こん""}","{""た.てる"",""た.て"",""-だ.て"",""た.つ""}","Build"
"N3","昨","{""さく""}","{}","Yesterday; Previous"
"N2","毒","{""どく""}","{}","Poison; Virus; Venom; Germ; Harm; Injury; Spite"
"N3","法","{""ほう"",""はっ"",""ほっ"",""ふらん""}","{""のり""}","Method; Law; Rule; Principle; Model; System"
"N1","泣","{""きゅう""}","{""な.く""}","Cry; Weep; Moan"
"N2","浅","{""せん""}","{""あさ.い""}","Shallow; Superficial; Frivolous; Wretched; Shameful"
"N1","紀","{""き""}","{}","Chronicle; Account; Narrative; History; Annals; Geologic Period"
"N4","英","{""えい""}","{""はなぶさ""}","England; English; Hero; Outstanding; Calyx"
"N2","軍","{""ぐん""}","{""いくさ""}","Army; Force; Troops; War; Battle"
"N4","飯","{""はん""}","{""めし""}","Meal; Boiled Rice"
"N2","仏","{""ぶつ"",""ふつ""}","{""ほとけ""}","Buddha; The Dead; France"
"N2","築","{""ちく""}","{""きず.く""}","Fabricate; Build; Construct"
"N3","晩","{""ばん""}","{}","Nightfall; Night"
"N3","猫","{""びょう""}","{""ねこ""}","Cat"
"N3","園","{""えん""}","{""その""}","Park; Garden; Yard; Farm"
"N4","曜","{""よう""}","{}","Weekday"
"N5","書","{""しょ""}","{""か.く"",""-が.き"",""-がき""}","Write"
"N3","遠","{""えん"",""おん""}","{""とお.い""}","Distant; Far"
"N2","門","{""もん""}","{""かど"",""と""}","Gate; Counter For Cannons"
"N3","係","{""けい""}","{""かか.る"",""かかり"",""-がかり"",""かか.わる""}","Person In Charge; Connection; Duty; Concern Oneself"
"N3","取","{""しゅ""}","{""と.る"",""と.り"",""と.り-"",""とり"",""-ど.り""}","Take; Fetch; Take Up"
"N4","品","{""ひん"",""ほん""}","{""しな""}","Goods; Refinement; Dignity; Article; Counter For Meal Courses"
"N3","守","{""しゅ"",""す""}","{""まも.る"",""まも.り"",""もり"",""-もり"",""かみ""}","Guard; Protect; Defend; Obey"
"N3","幸","{""こう""}","{""さいわ.い"",""さち"",""しあわ.せ""}","Happiness; Blessing; Fortune"
"N4","急","{""きゅう""}","{""いそ.ぐ"",""いそ.ぎ"",""せ.く""}","Hurry; Emergency; Sudden; Steep"
"N4","真","{""しん""}","{""ま"",""ま-"",""まこと""}","True; Reality; Buddhist Sect"
"N3","箱","{""そう""}","{""はこ""}","Box; Chest; Case; Bin; Railway Car"
"N2","荷","{""か""}","{""に""}","Baggage; Shoulder-pole Load; Bear (a Burden); Shoulder (a Gun); Load; Cargo; Freight"
"N3","面","{""めん"",""べん""}","{""おも"",""おもて"",""つら""}","Mask; Face; Features; Surface"
"N1","典","{""てん"",""でん""}","{}","Code; Ceremony; Law; Rule"
"N3","喜","{""き""}","{""よろこ.ぶ"",""よろこ.ばす""}","Rejoice; Take Pleasure In"
"N2","府","{""ふ""}","{}","Borough; Urban Prefecture; Govt Office; Representative Body; Storehouse"
"N3","治","{""じ"",""ち""}","{""おさ.める"",""おさ.まる"",""なお.る"",""なお.す""}","Reign; Be At Peace; Calm Down; Subdue; Quell; Govt; Cure; Heal; Rule; Conserve"
"N2","浴","{""よく""}","{""あ.びる"",""あ.びせる""}","Bathe; Be Favored With; Bask In"
"N3","笑","{""しょう""}","{""わら.う"",""え.む""}","Laugh"
"N3","辞","{""じ""}","{""や.める"",""いな.む""}","Resign; Word; Term; Expression"
"N3","関","{""かん""}","{""せき"",""-ぜき"",""かか.わる"",""からくり"",""かんぬき""}","Connection; Barrier; Gateway; Involve; Concerning"
"N1","保","{""ほ"",""ほう""}","{""たも.つ""}","Protect; Guarantee; Keep; Preserve; Sustain; Support"
"N1","弁","{""べん"",""へん""}","{""かんむり"",""わきま.える"",""わ.ける"",""はなびら"",""あらそ.う""}","Valve; Petal; Braid; Speech; Dialect; Discrimination; Dispose Of; Distinguish; Conical Cap"
"N3","政","{""せい"",""しょう""}","{""まつりごと"",""まん""}","Politics; Government"
"N3","留","{""りゅう"",""る""}","{""と.める"",""と.まる"",""とど.める"",""とど.まる"",""るうぶる""}","Detain; Fasten; Halt; Stop"
"N1","証","{""しょう""}","{""あかし""}","Evidence; Proof; Certificate"
"N3","険","{""けん""}","{""けわ.しい""}","Precipitous; Inaccessible Place; Impregnable Position; Steep Place; Sharp Eyes"
"N3","危","{""き""}","{""あぶ.ない"",""あや.うい"",""あや.ぶむ""}","Dangerous; Fear; Uneasy"
"N3","存","{""そん"",""ぞん""}","{""ながら.える"",""あ.る"",""たも.つ"",""と.う""}","Exist; Suppose; Be Aware Of; Believe; Feel"
"N2","専","{""せん""}","{""もっぱ.ら""}","Specialty; Exclusive; Mainly; Solely"
"N1","冒","{""ぼう""}","{""おか.す""}","Risk; Face; Defy; Dare; Damage; Assume (a Name)"
"N1","冗","{""じょう""}","{}","Superfluous; Uselessness"
"N3","原","{""げん""}","{""はら""}","Meadow; Original; Primitive; Field; Plain; Prairie; Tundra; Wilderness"
"N2","細","{""さい""}","{""ほそ.い"",""ほそ.る"",""こま.か"",""こま.かい""}","Dainty; Get Thin; Taper; Slender; Narrow; Detailed; Precise"
"N3","薬","{""やく""}","{""くすり""}","Medicine; Chemical; Enamel; Gunpowder; Benefit"
"N2","鼻","{""び""}","{""はな""}","Nose; Snout"
"N3","側","{""そく""}","{""かわ"",""がわ"",""そば""}","Side; Lean; Oppose; Regret"
"N2","兵","{""へい"",""ひょう""}","{""つわもの""}","Soldier; Private; Troops; Army; Warfare; Strategy; Tactics"
"N4","堂","{""どう""}","{}","Public Chamber; Hall"
"N2","塩","{""えん""}","{""しお""}","Salt"
"N3","席","{""せき""}","{""むしろ""}","Seat; Mat; Occasion; Place"
"N3","敗","{""はい""}","{""やぶ.れる""}","Failure; Defeat; Reversal"
"N3","果","{""か""}","{""は.たす"",""はた.す"",""-は.たす"",""は.てる"",""-は.てる"",""は.て""}","Fruit; Reward; Carry Out; Achieve; Complete; End; Finish; Succeed"
"N2","栄","{""えい"",""よう""}","{""さか.える"",""は.え"",""-ば.え"",""は.える"",""え""}","Flourish; Prosperity; Honor; Glory; Splendor"
"N1","梅","{""ばい""}","{""うめ""}","Plum"
"N1","結","{""けつ"",""けち""}","{""むす.ぶ"",""ゆ.う"",""ゆ.わえる""}","Tie; Bind; Contract; Join; Organize; Do Up Hair; Fasten"
"N3","因","{""いん""}","{""よ.る"",""ちな.む""}","Cause; Factor; Be Associated With; Depend On; Be Limited To"
"N3","常","{""じょう""}","{""つね"",""とこ-""}","Usual; Ordinary; Normal; Common; Regular; Continually; Always; Long-lasting"
"N3","識","{""しき""}","{""し.る"",""しる.す""}","Discriminating; Know; Write"
"N3","非","{""ひ""}","{""あら.ず""}","Un-; Mistake; Negative; Injustice; Non-"
"N2","干","{""かん""}","{""ほ.す"",""ほ.し-"",""-ぼ.し"",""ひ.る""}","Dry; Parch; Ebb; Recede; Interfere; Intercede"
"N1","是","{""ぜ"",""し""}","{""これ"",""この"",""ここ""}","Just So; This; Right; Justice"
"N1","渉","{""しょう""}","{""わた.る""}","Ford; Go Cross; Transit; Ferry; Import; Involve"
"N1","虚","{""きょ"",""こ""}","{""むな.しい"",""うつ.ろ""}","Void; Emptiness; Unpreparedness; Crack; Fissure; Untruth"
"N3","官","{""かん""}","{}","Bureaucrat; The Government; Organ"
"N3","察","{""さつ""}","{}","Guess; Presume; Surmise; Judge; Understand"
"N2","底","{""てい""}","{""そこ""}","Bottom; Sole; Depth; Bottom Price; Base; Kind; Sort"
"N3","愛","{""あい""}","{""いと.しい"",""かな.しい"",""め.でる"",""お.しむ"",""まな""}","Love; Affection; Favourite"
"N2","署","{""しょ""}","{}","Signature; Govt Office; Police Station"
"N3","警","{""けい""}","{""いまし.める""}","Admonish; Commandment"
"N2","恋","{""れん""}","{""こ.う"",""こい"",""こい.しい""}","Romance; In Love; Yearn For; Miss; Darling"
"N3","覚","{""かく""}","{""おぼ.える"",""さ.ます"",""さ.める"",""さと.る""}","Memorize; Learn; Remember; Awake; Sober Up"
"N3","説","{""せつ"",""ぜい""}","{""と.く""}","Opinion; Theory; Explanation; Rumor"
"N1","幻","{""げん""}","{""まぼろし""}","Phantasm; Vision; Dream; Illusion; Apparition"
"N2","訓","{""くん"",""きん""}","{""おし.える"",""よ.む"",""くん.ずる""}","Instruction; Japanese Character Reading; Explanation; Read"
"N4","試","{""し""}","{""こころ.みる"",""ため.す""}","Test; Try; Attempt; Experiment; Ordeal"
"N1","弓","{""きゅう""}","{""ゆみ""}","Bow; Bow (archery, Violin)"
"N3","告","{""こく""}","{""つ.げる""}","Revelation; Tell; Inform; Announce"
"N3","種","{""しゅ""}","{""たね"",""-ぐさ""}","Species; Kind; Class; Variety; Seed"
"N3","達","{""たつ"",""だ""}","{""-たち""}","Accomplished; Reach; Arrive; Attain"
"N3","類","{""るい""}","{""たぐ.い""}","Sort; Kind; Variety; Class; Genus"
"N3","報","{""ほう""}","{""むく.いる""}","Report; News; Reward; Retribution"
"N2","祈","{""き""}","{""いの.る""}","Pray; Wish"
"N3","等","{""とう""}","{""ひと.しい"",""など"",""-ら""}","Etc.; And So Forth; Class (first); Quality; Equal; Similar"
"N1","汽","{""き""}","{}","Vapor; Steam"
"N4","借","{""しゃく""}","{""か.りる""}","Borrow; Rent"
"N2","焼","{""しょう""}","{""や.く"",""や.き"",""や.き-"",""-や.き"",""や.ける""}","Bake; Burning"
"N3","座","{""ざ""}","{""すわ.る""}","Squat; Seat; Cushion; Gathering; Sit"
"N3","忘","{""ぼう""}","{""わす.れる""}","Forget"
"N3","洗","{""せん""}","{""あら.う""}","Wash; Inquire Into; Probe"
"N2","胸","{""きょう""}","{""むね"",""むな-""}","Bosom; Breast; Chest; Heart; Feelings"
"N2","脳","{""のう"",""どう""}","{""のうずる""}","Brain; Memory"
"N1","僧","{""そう""}","{}","Buddhist Priest; Monk"
"N1","禅","{""ぜん"",""せん""}","{""しずか"",""ゆず.る""}","Zen; Silent Meditation"
"N4","験","{""けん"",""げん""}","{""あかし"",""しるし"",""ため.す"",""ためし""}","Verification; Effect; Testing"
"N3","許","{""きょ""}","{""ゆる.す"",""もと""}","Permit; Approve"
"N2","枚","{""まい"",""ばい""}","{}","Sheet Of...; Counter For Flat Thin Objects Or Sheets"
"N3","静","{""せい"",""じょう""}","{""しず-"",""しず.か"",""しず.まる"",""しず.める""}","Quiet"
"N1","句","{""く""}","{}","Phrase; Clause; Sentence; Passage; Paragraph; Counter For Haiku"
"N2","禁","{""きん""}","{}","Prohibition; Ban; Forbid"
"N2","喫","{""きつ""}","{""の.む""}","Consume; Eat; Drink; Smoke; Receive (a Blow)"
"N3","煙","{""えん""}","{""けむ.る"",""けむり"",""けむ.い""}","Smoke"
"N3","加","{""か""}","{""くわ.える"",""くわ.わる""}","Add; Addition; Increase; Join; Include; Canada"
"N1","節","{""せつ"",""せち""}","{""ふし"",""-ぶし"",""のっと""}","Node; Season; Period; Occasion; Verse; Clause; Stanza; Honor; Joint; Knuckle; Knob; Knot; Tune; Melody"
"N2","減","{""げん""}","{""へ.る"",""へ.らす""}","Dwindle; Decrease; Reduce; Decline; Curtail; Get Hungry"
"N2","順","{""じゅん""}","{}","Obey; Order; Turn; Right; Docility; Occasion"
"N3","容","{""よう""}","{""い.れる""}","Contain; Form; Looks"
"N2","布","{""ふ""}","{""ぬの""}","Linen; Cloth; Spread; Distribute"
"N3","易","{""えき"",""い""}","{""やさ.しい"",""やす.い""}","Easy; Ready To; Simple; Fortune-telling; Divination"
"N3","財","{""ざい"",""さい"",""ぞく""}","{""たから""}","Property; Money; Wealth; Assets"
"N3","若","{""じゃく"",""にゃく"",""にゃ""}","{""わか.い"",""わか-"",""も.しくわ"",""も.し"",""も.しくは"",""ごと.し""}","Young; If; Perhaps; Possibly; Low Number; Immature"
"N2","詞","{""し""}","{""ことば""}","Part Of Speech; Words; Poetry"
"N1","昆","{""こん""}","{}","Descendants; Elder Brother; Insect"
"N1","閥","{""ばつ""}","{}","Clique; Lineage; Pedigree; Faction; Clan"
"N2","歴","{""れき"",""れっき""}","{}","Curriculum; Continuation; Passage Of Time"
"N1","舌","{""ぜつ""}","{""した""}","Tongue; Reed; Clapper"
"N2","冊","{""さつ"",""さく""}","{""ふみ""}","Tome; Counter For Books; Volume"
"N2","宇","{""う""}","{}","Eaves; Roof; House; Heaven"
"N1","宙","{""ちゅう""}","{}","Mid-air; Air; Space; Sky; Memorization; Interval Of Time"
"N3","忙","{""ぼう"",""もう""}","{""いそが.しい"",""せわ.しい"",""おそ.れる"",""うれえるさま""}","Busy; Occupied; Restless"
"N1","履","{""り""}","{""は.く""}","Perform; Complete; Footgear; Shoes; Boots; Put On (the Feet)"
"N2","団","{""だん"",""とん""}","{""かたまり"",""まる.い""}","Group; Association"
"N2","暴","{""ぼう"",""ばく""}","{""あば.く"",""あば.れる""}","Outburst; Rave; Fret; Force; Violence; Cruelty; Outrage"
"N2","混","{""こん""}","{""ま.じる"",""-ま.じり"",""ま.ざる"",""ま.ぜる"",""こ.む""}","Mix; Blend; Confuse"
"N2","乱","{""らん"",""ろん""}","{""みだ.れる"",""みだ.る"",""みだ.す"",""みだ"",""おさ.める"",""わた.る""}","Riot; War; Disorder; Disturb"
"N3","徒","{""と""}","{""いたずら"",""あだ""}","On Foot; Junior; Emptiness; Vanity; Futility; Uselessness; Ephemeral Thing; Gang; Set; Party; People"
"N3","得","{""とく""}","{""え.る"",""う.る""}","Gain; Get; Find; Earn; Acquire; Can; May; Able To; Profit; Advantage; Benefit"
"N2","改","{""かい""}","{""あらた.める"",""あらた.まる""}","Reformation; Change; Modify; Mend; Renew; Examine; Inspect; Search"
"N3","続","{""ぞく"",""しょく"",""こう"",""きょう""}","{""つづ.く"",""つづ.ける"",""つぐ.ない""}","Continue; Series; Sequel"
"N3","連","{""れん""}","{""つら.なる"",""つら.ねる"",""つ.れる"",""-づ.れ""}","Take Along; Lead; Join; Connect; Party; Gang; Clique"
"N1","善","{""ぜん""}","{""よ.い"",""い.い"",""よ.く"",""よし.とする""}","Virtuous; Good; Goodness"
"N3","困","{""こん""}","{""こま.る""}","Quandary; Become Distressed; Annoyed"
"N2","絡","{""らく""}","{""から.む"",""から.まる""}","Entwine; Coil Around; Get Caught In"
"N2","比","{""ひ""}","{""くら.べる""}","Compare; Race; Ratio; Philippines"
"N1","災","{""さい""}","{""わざわ.い""}","Disaster; Calamity; Woe; Curse; Evil"
"N3","機","{""き""}","{""はた""}","Loom; Mechanism; Machine; Airplane; Opportunity; Potency; Efficacy; Occasion"
"N1","率","{""そつ"",""りつ"",""しゅつ""}","{""ひき.いる""}","Ratio; Rate; Proportion; %; Factor; Lead; Spearhead; Command"
"N3","飛","{""ひ""}","{""と.ぶ"",""と.ばす"",""-と.ばす""}","Fly; Skip (pages); Scatter"
"N3","害","{""がい""}","{}","Harm; Injury"
"N3","余","{""よ""}","{""あま.る"",""あま.り"",""あま.す"",""あんま.り""}","Too Much; Myself; Surplus; Other; Remainder"
"N3","難","{""なん""}","{""かた.い"",""-がた.い"",""むずか.しい"",""むづか.しい"",""むつか.しい"",""-にく.い""}","Difficult; Impossible; Trouble; Accident; Defect"
"N1","妨","{""ぼう""}","{""さまた.げる""}","Disturb; Prevent; Hamper; Obstruct"
"N2","被","{""ひ""}","{""こうむ.る"",""おお.う"",""かぶ.る"",""かぶ.せる""}","Incur; Cover; Veil; Brood Over; Shelter; Wear; Put On; Be Exposed (film); Receiving"
"N1","裕","{""ゆう""}","{}","Abundant; Rich; Fertile"
"N2","震","{""しん""}","{""ふる.う"",""ふる.える""}","Quake; Shake; Tremble; Quiver; Shiver"
"N1","尾","{""び""}","{""お""}","Tail; End; Counter For Fish; Lower Slope Of Mountain"
"N2","械","{""かい""}","{""かせ""}","Contraption; Fetter; Machine; Instrument"
"N3","確","{""かく"",""こう""}","{""たし.か"",""たし.かめる""}","Assurance; Firm; Tight; Hard; Solid; Confirm; Clear; Evident"
"N1","嫌","{""けん"",""げん""}","{""きら.う"",""きら.い"",""いや""}","Dislike; Detest; Hate"
"N2","個","{""こ"",""か""}","{}","Individual; Counter For Articles"
"N2","圧","{""あつ"",""えん"",""おう""}","{""お.す"",""へ.す"",""おさ.える"",""お.さえる""}","Pressure; Push; Overwhelm; Oppress; Dominate"
"N3","在","{""ざい""}","{""あ.る""}","Exist; Outskirts; Suburbs; Located In"
"N3","夢","{""む"",""ぼう""}","{""ゆめ"",""ゆめ.みる"",""くら.い""}","Dream; Vision; Illusion"
"N3","産","{""さん""}","{""う.む"",""う.まれる"",""うぶ-"",""む.す""}","Products; Bear; Give Birth; Yield; Childbirth; Native; Property"
"N3","倒","{""とう""}","{""たお.れる"",""-だお.れ"",""たお.す"",""さかさま"",""さかさ"",""さかしま""}","Overthrow; Fall; Collapse; Drop; Break Down"
"N1","臭","{""しゅう""}","{""くさ.い"",""-くさ.い"",""にお.う"",""にお.い""}","Stinking; Ill-smelling; Suspicious Looking; Odor; Savor; Fragrance; Be Fragrant; Stink; Glow; Be Bright"
"N2","厚","{""こう""}","{""あつ.い"",""あか""}","Thick; Heavy; Rich; Kind; Cordial; Brazen; Shameless"
"N3","妻","{""さい""}","{""つま""}","Wife; Spouse"
"N3","議","{""ぎ""}","{}","Deliberation; Consultation; Debate; Consideration"
"N3","犯","{""はん"",""ぼん""}","{""おか.す""}","Crime; Sin; Offense"
"N3","罪","{""ざい""}","{""つみ""}","Guilt; Sin; Crime; Fault; Blame; Offense"
"N2","防","{""ぼう""}","{""ふせ.ぐ""}","Ward Off; Defend; Protect; Resist"
"N1","穴","{""けつ""}","{""あな""}","Hole; Aperture; Slit; Cave; Den"
"N3","論","{""ろん""}","{}","Argument; Discourse"
"N3","経","{""けい"",""きょう"",""きん""}","{""へ.る"",""た.つ"",""たていと"",""はか.る"",""のり""}","Sutra; Longitude; Pass Thru; Expire; Warp"
"N1","笛","{""てき""}","{""ふえ""}","Flute; Clarinet; Pipe; Whistle; Bagpipe; Piccolo"
"N2","史","{""し""}","{}","History; Chronicle"
"N1","敵","{""てき""}","{""かたき"",""あだ"",""かな.う""}","Enemy; Foe; Opponent"
"N3","済","{""さい"",""せい""}","{""す.む"",""-ず.み"",""-ずみ"",""す.まない"",""す.ます"",""-す.ます"",""すく.う"",""な.す"",""わたし"",""わた.る""}","Settle (debt, Etc.); Relieve (burden); Finish; Come To An End; Excusable; Need Not"
"N2","委","{""い""}","{""ゆだ.ねる""}","Committee; Entrust To; Leave To; Devote; Discard"
"N1","挙","{""きょ""}","{""あ.げる"",""あ.がる"",""こぞ.る""}","Raise; Plan; Project; Behavior; Actions"
"N3","判","{""はん"",""ばん""}","{""わか.る""}","Judgement; Signature; Stamp; Seal"
"N3","制","{""せい""}","{}","System; Law; Rule"
"N3","務","{""む""}","{""つと.める""}","Task; Duties"
"N2","査","{""さ""}","{}","Investigate"
"N2","総","{""そう""}","{""す.べて"",""すべ.て"",""ふさ""}","General; Whole; All; Full; Total"
"N2","設","{""せつ""}","{""もう.ける""}","Establishment; Provision; Prepare"
"N3","資","{""し""}","{}","Assets; Resources; Capital; Funds; Data; Be Conducive To; Contribute To"
"N3","権","{""けん"",""ごん""}","{""おもり"",""かり"",""はか.る""}","Authority; Power; Rights"
"N3","件","{""けん""}","{""くだん""}","Affair; Case; Matter; Item"
"N1","派","{""は""}","{}","Faction; Group; Party; Clique; Sect; School"
"N1","素","{""そ"",""す""}","{""もと""}","Elementary; Principle; Naked; Uncovered"
"N3","断","{""だん""}","{""た.つ"",""ことわ.る"",""さだ.める""}","Severance; Decline; Refuse; Apologize; Warn; Dismiss; Prohibit; Decision; Judgement; Cutting"
"N1","評","{""ひょう""}","{}","Evaluate; Criticism; Comment"
"N1","批","{""ひ""}","{}","Criticism; Strike"
"N3","任","{""にん""}","{""まか.せる"",""まか.す""}","Responsibility; Duty; Term; Entrust To; Appoint"
"N1","検","{""けん""}","{""しら.べる""}","Examination; Investigate"
"N1","審","{""しん""}","{""つまび.らか"",""つぶさ.に""}","Hearing; Judge; Trial"
"N1","条","{""じょう"",""ちょう"",""でき""}","{""えだ"",""すじ""}","Article; Clause; Item; Stripe; Streak"
"N3","責","{""せき""}","{""せ.める""}","Blame; Condemn; Censure"
"N2","省","{""せい"",""しょう""}","{""かえり.みる"",""はぶ.く""}","Focus; Government Ministry; Conserve"
"N3","増","{""ぞう""}","{""ま.す"",""ま.し"",""ふ.える"",""ふ.やす""}","Increase; Add; Augment; Gain; Promote"
"N2","税","{""ぜい""}","{}","Tax; Duty"
"N3","解","{""かい"",""げ""}","{""と.く"",""と.かす"",""と.ける"",""ほど.く"",""ほど.ける"",""わか.る"",""さと.る""}","Unravel; Notes; Key; Explanation; Understanding; Untie; Undo; Solve; Answer; Cancel; Absolve; Explain; Minute"
"N3","際","{""さい""}","{""きわ"",""-ぎわ""}","Occasion; Side; Edge; Verge; Dangerous; Adventurous; Indecent; Time; When"
"N3","認","{""にん""}","{""みと.める"",""したた.める""}","Acknowledge; Witness; Discern; Recognize; Appreciate; Believe"
"N1","企","{""き""}","{""くわだ.てる"",""たくら.む""}","Undertake; Scheme; Design; Attempt; Plan"
"N1","義","{""ぎ""}","{}","Righteousness; Justice; Morality; Honor; Loyalty; Meaning"
"N1","罰","{""ばつ"",""ばち"",""はつ""}","{""ばっ.する""}","Penalty; Punishment"
"N1","誕","{""たん""}","{}","Nativity; Be Born; Declension; Lie; Be Arbitrary"
"N1","脱","{""だつ""}","{""ぬ.ぐ"",""ぬ.げる""}","Undress; Removing; Escape From; Get Rid Of; Be Left Out; Take Off"
"N3","過","{""か""}","{""す.ぎる"",""-す.ぎる"",""-す.ぎ"",""す.ごす"",""あやま.つ"",""あやま.ち"",""よ.ぎる""}","Overdo; Exceed; Go Beyond; Error"
"N3","寝","{""しん""}","{""ね.る"",""ね.かす"",""い.ぬ"",""みたまや"",""や.める""}","Lie Down; Sleep; Rest; Bed; Remain Unsold"
"N1","宮","{""きゅう"",""ぐう"",""く"",""くう""}","{""みや""}","Shinto Shrine; Constellations; Palace; Princess"
"N2","各","{""かく""}","{""おのおの""}","Each; Every; Either"
"N1","案","{""あん""}","{""つくえ""}","Plan; Suggestion; Draft; Ponder; Fear; Proposition; Idea; Expectation; Worry; Table; Bench"
"N3","置","{""ち""}","{""お.く"",""-お.き""}","Placement; Put; Set; Deposit; Leave Behind; Keep; Employ; Pawn"
"N3","費","{""ひ""}","{""つい.やす"",""つい.える""}","Expense; Cost; Spend; Consume; Waste"
"N1","価","{""か"",""け""}","{""あたい""}","Value; Price"
"N2","勢","{""せい"",""ぜい""}","{""いきお.い"",""はずみ""}","Forces; Energy; Military Strength"
"N2","営","{""えい""}","{""いとな.む"",""いとな.み""}","Occupation; Camp; Perform; Build; Conduct (business)"
"N3","示","{""じ"",""し""}","{""しめ.す""}","Show; Indicate; Point Out; Express; Display"
"N1","統","{""とう""}","{""す.べる"",""ほび.る""}","Overall; Relationship; Ruling; Governing"
"N2","領","{""りょう""}","{""えり""}","Jurisdiction; Dominion; Territory; Fief; Reign"
"N1","策","{""さく""}","{}","Scheme; Plan; Policy; Step; Means"
"N1","藤","{""とう"",""どう""}","{""ふじ""}","Wisteria"
"N2","副","{""ふく""}","{}","Vice-; Assistant; Aide; Duplicate; Copy"
"N3","観","{""かん""}","{""み.る"",""しめ.す""}","Outlook; Look; Appearance; Condition; View"
"N3","値","{""ち""}","{""ね"",""あたい""}","Price; Cost; Value"
"N3","吸","{""きゅう""}","{""す.う""}","Suck; Imbibe; Inhale; Sip"
"N2","域","{""いき""}","{}","Range; Region; Limits; Stage; Level"
"N1","姿","{""し""}","{""すがた""}","Figure; Form; Shape"
"N1","応","{""おう"",""よう"",""-のう""}","{""あた.る"",""まさに"",""こた.える""}","Apply; Answer; Yes; Ok; Reply; Accept"
"N1","提","{""てい"",""ちょう"",""だい""}","{""さ.げる""}","Propose; Take Along; Carry In Hand"
"N1","援","{""えん""}","{}","Abet; Help; Save"
"N3","状","{""じょう""}","{}","Status Quo; Conditions; Circumstances; Form; Appearance"
"N1","態","{""たい""}","{""わざ.と""}","Attitude; Condition; Figure; Appearance; Voice (of Verbs)"
"N1","賀","{""が""}","{}","Congratulations; Joy"
"N3","収","{""しゅう""}","{""おさ.める"",""おさ.まる""}","Income; Obtain; Reap; Pay; Supply; Store"
"N2","停","{""てい""}","{""と.める"",""と.まる""}","Halt; Stopping"
"N2","革","{""かく""}","{""かわ""}","Leather; Skin; Reform; Become Serious"
"N3","職","{""しょく"",""そく""}","{}","Post; Employment; Work"
"N1","鬼","{""き""}","{""おに"",""おに-""}","Ghost; Devil"
"N3","規","{""き""}","{}","Standard; Measure"
"N1","護","{""ご""}","{""まも.る""}","Safeguard; Protect"
"N3","割","{""かつ""}","{""わ.る"",""わり"",""わ.り"",""わ.れる"",""さ.く""}","Proportion; Comparatively; Divide; Cut; Separate; Split"
"N1","裁","{""さい""}","{""た.つ"",""さば.く""}","Tailor; Judge; Decision; Cut Out (pattern)"
"N1","崎","{""き""}","{""さき"",""さい"",""みさき""}","Promontory; Cape; Spit"
"N3","演","{""えん""}","{}","Performance; Act; Play; Render; Stage"
"N2","律","{""りつ"",""りち"",""れつ""}","{}","Rhythm; Law; Regulation; Gauge; Control"
"N3","師","{""し""}","{""いくさ""}","Expert; Teacher; Master; Model; Exemplar; Army (incl. Counter); War"
"N1","看","{""かん""}","{""み.る""}","Watch Over; See"
"N2","準","{""じゅん""}","{""じゅん.じる"",""じゅん.ずる"",""なぞら.える"",""のり"",""ひと.しい"",""みずもり""}","Semi-; Correspond To; Proportionate To; Conform; Imitate"
"N2","則","{""そく""}","{""のっと.る""}","Rule; Follow; Based On; Model After"
"N3","備","{""び""}","{""そな.える"",""そな.わる"",""つぶさ.に""}","Equip; Provision; Preparation"
"N2","導","{""どう""}","{""みちび.く""}","Guidance; Leading; Conduct; Usher"
"N1","幹","{""かん""}","{""みき""}","Tree Trunk; Main Part; Talent; Capability"
"N1","張","{""ちょう""}","{""は.る"",""-は.り"",""-ば.り""}","Lengthen; Counter For Bows & Stringed Instruments; Stretch; Spread; Put Up (tent)"
"N3","優","{""ゆう"",""う""}","{""やさ.しい"",""すぐ.れる"",""まさ.る""}","Tenderness; Excel; Surpass; Actor; Superiority; Gentleness"
"N3","宅","{""たく""}","{}","Home; House; Residence; Our House; My Husband"
"N1","沢","{""たく""}","{""さわ"",""うるお.い"",""うるお.す"",""つや""}","Swamp; Marsh; Brilliance; Grace"
"N1","施","{""し"",""せ""}","{""ほどこ.す""}","Give; Bestow; Perform; Alms"
"N3","現","{""げん""}","{""あらわ.れる"",""あらわ.す"",""うつつ"",""うつ.つ""}","Present; Existing; Actual"
"N2","乳","{""にゅう""}","{""ちち"",""ち""}","Milk; Breasts"
"N3","呼","{""こ""}","{""よ.ぶ""}","Call; Call Out To; Invite"
"N2","城","{""じょう"",""せい""}","{""しろ""}","Castle"
"N1","俳","{""はい""}","{}","Haiku; Actor"
"N1","秀","{""しゅう""}","{""ひい.でる""}","Excel; Excellence; Beauty; Surpass"
"N2","担","{""たん""}","{""かつ.ぐ"",""にな.う""}","Shouldering; Carry; Raise; Bear"
"N2","額","{""がく""}","{""ひたい""}","Forehead; Tablet; Plaque; Framed Picture; Sum; Amount; Volume"
"N1","製","{""せい""}","{}","Made In...; Manufacture"
"N3","違","{""い""}","{""ちが.う"",""ちが.い"",""ちが.える"",""-ちが.える"",""たが.う"",""たが.える""}","Difference; Differ"
"N2","輸","{""ゆ"",""しゅ""}","{}","Transport; Send; Be Inferior"
"N2","燃","{""ねん""}","{""も.える"",""も.やす"",""も.す""}","Burn; Blaze; Glow"
"N2","祝","{""しゅく"",""しゅう""}","{""いわ.う""}","Celebrate; Congratulate"
"N2","届","{""かい""}","{""とど.ける"",""-とど.け"",""とど.く""}","Deliver; Reach; Arrive; Report; Notify; Forward"
"N1","狭","{""きょう"",""こう""}","{""せま.い"",""せば.める"",""せば.まる"",""さ""}","Cramped; Narrow; Contract; Tight"
"N2","肩","{""けん""}","{""かた""}","Shoulder"
"N2","腕","{""わん""}","{""うで""}","Arm; Ability; Talent"
"N2","腰","{""よう""}","{""こし""}","Loins; Hips; Waist; Low Wainscoting"
"N2","触","{""しょく""}","{""ふ.れる"",""さわ.る"",""さわ""}","Contact; Touch; Feel; Hit; Proclaim; Announce; Conflict"
"N1","載","{""さい""}","{""の.せる"",""の.る""}","Ride; Board; Get On; Place; Spread; 10**44; Record; Publish"
"N2","層","{""そう""}","{}","Stratum; Social Class; Layer; Story; Floor"
"N2","型","{""けい""}","{""かた"",""-がた""}","Mould; Type; Model"
"N2","庁","{""ちょう"",""てい""}","{""やくしょ""}","Government Office"
"N1","視","{""し""}","{""み.る""}","Inspection; Regard As; See; Look At"
"N3","差","{""さ""}","{""さ.す"",""さ.し""}","Distinction; Difference; Variation; Discrepancy; Margin; Balance"
"N2","管","{""かん""}","{""くだ""}","Pipe; Tube; Wind Instrument; Drunken Talk; Control; Jurisdiction"
"N2","象","{""しょう"",""ぞう""}","{""かたど.る""}","Elephant; Pattern After; Imitate; Image; Shape; Sign (of The Times)"
"N2","量","{""りょう""}","{""はか.る""}","Quantity; Measure; Weight; Amount; Consider; Estimate; Surmise"
"N2","境","{""きょう"",""けい""}","{""さかい""}","Boundary; Border; Region"
"N1","環","{""かん""}","{""わ""}","Ring; Circle; Link; Wheel"
"N2","武","{""ぶ"",""む""}","{""たけ"",""たけ.し""}","Warrior; Military; Chivalry; Arms"
"N4","質","{""しつ"",""しち"",""ち""}","{""たち"",""ただ.す"",""もと"",""わりふ""}","Substance; Quality; Matter; Temperament"
"N2","述","{""じゅつ""}","{""の.べる""}","Mention; State; Speak; Relate"
"N3","供","{""きょう"",""く"",""くう"",""ぐ""}","{""そな.える"",""とも"",""-ども""}","Submit; Offer; Present; Serve (meal); Accompany"
"N1","展","{""てん""}","{}","Unfold; Expand"
"N2","販","{""はん""}","{}","Marketing; Sell; Trade"
"N1","株","{""しゅ""}","{""かぶ""}","Stocks; Stump; Shares; Stock; Counter For Small Plants"
"N3","限","{""げん""}","{""かぎ.る"",""かぎ.り"",""-かぎ.り""}","Limit; Restrict; To Best Of Ability"
"N3","与","{""よ""}","{""あた.える"",""あずか.る"",""くみ.する"",""ともに""}","Bestow; Participate In; Give; Award; Impart; Provide; Cause; Gift; Godsend"
"N2","含","{""がん""}","{""ふく.む"",""ふく.める""}","Contain; Include; Hold In The Mouth; Bear In Mind; Understand; Cherish"
"N1","影","{""えい""}","{""かげ""}","Shadow; Silhouette; Phantom"
"N2","況","{""きょう""}","{""まし.て"",""いわ.んや"",""おもむき""}","Condition; Situation"
"N3","渡","{""と""}","{""わた.る"",""-わた.る"",""わた.す""}","Transit; Ford; Ferry; Cross; Import; Deliver; Diameter; Migrate"
"N1","響","{""きょう""}","{""ひび.く""}","Echo; Sound; Resound; Ring; Vibrate"
"N1","票","{""ひょう""}","{}","Ballot; Label; Ticket; Sign"
"N3","景","{""けい""}","{}","Scenery; View"
"N3","抜","{""ばつ"",""はつ"",""はい""}","{""ぬ.く"",""-ぬ.く"",""ぬ.き"",""ぬ.ける"",""ぬ.かす"",""ぬ.かる""}","Slip Out; Extract; Pull Out; Pilfer; Quote; Remove; Omit"
"N1","訴","{""そ""}","{""うった.える""}","Accusation; Sue; Complain Of Pain; Appeal To"
"N1","訟","{""しょう""}","{}","Sue; Accuse"
"N1","逮","{""たい""}","{}","Apprehend; Chase"
"N2","補","{""ほ""}","{""おぎな.う""}","Supplement; Supply; Make Good; Offset; Compensate; Assistant; Learner"
"N3","候","{""こう""}","{""そうろう""}","Climate; Season; Weather; Wait For; Expect"
"N3","構","{""こう""}","{""かま.える"",""かま.う""}","Posture; Build; Pretend"
"N1","模","{""も"",""ぼ""}","{}","Imitation; Copy; Mock"
"N3","捕","{""ほ""}","{""と.らえる"",""と.らわれる"",""と.る"",""とら.える"",""とら.われる"",""つか.まえる"",""つか.まる""}","Catch; Capture"
"N1","鮮","{""せん""}","{""あざ.やか""}","Fresh; Vivid; Clear; Brilliant; Korea"
"N2","効","{""こう""}","{""き.く"",""ききめ"",""なら.う""}","Merit; Efficacy; Efficiency; Benefit"
"N1","属","{""ぞく"",""しょく""}","{""さかん"",""つく"",""やから""}","Belong; Genus; Subordinate Official; Affiliated"
"N3","慣","{""かん""}","{""な.れる"",""な.らす""}","Accustomed; Get Used To; Become Experienced"
"N2","豊","{""ほう"",""ぶ""}","{""ゆた.か"",""とよ""}","Bountiful; Excellent; Rich"
"N3","満","{""まん"",""ばん""}","{""み.ちる"",""み.つ"",""み.たす""}","Full; Fullness; Enough; Satisfy"
"N1","肥","{""ひ""}","{""こ.える"",""こえ"",""こ.やす"",""こ.やし"",""ふと.る""}","Fertilizer; Get Fat; Fertile; Manure; Pamper"
"N2","巻","{""かん"",""けん""}","{""ま.く"",""まき"",""ま.き""}","Scroll; Volume; Book; Part; Roll Up; Wind Up; Tie; Coil; Counter For Texts (or Book Scrolls)"
"N2","捜","{""そう"",""しゅ"",""しゅう""}","{""さが.す""}","Search; Look For; Locate"
"N1","絞","{""こう""}","{""しぼ.る"",""し.める"",""し.まる""}","Strangle; Constrict; Wring"
"N1","輩","{""はい""}","{""-ばら"",""やから"",""やかい"",""ともがら""}","Comrade; Fellow; People; Companions"
"N1","隠","{""いん"",""おん""}","{""かく.す"",""かく.し"",""かく.れる"",""かか.す"",""よ.る""}","Conceal; Hide; Cover"
"N3","掛","{""かい"",""けい""}","{""か.ける"",""-か.ける"",""か.け"",""-か.け"",""-が.け"",""か.かる"",""-か.かる"",""-が.かる"",""か.かり"",""-が.かり"",""かかり"",""-がかり""}","Hang; Suspend; Depend; Arrive At; Tax; Pour"
"N2","替","{""たい""}","{""か.える"",""か.え-"",""か.わる""}","Exchange; Spare; Substitute; Per-"
"N3","居","{""きょ"",""こ""}","{""い.る"",""-い"",""お.る""}","Reside; To Be; Exist; Live With"
"N2","造","{""ぞう""}","{""つく.る"",""つく.り"",""-づく.り""}","Create; Make; Structure; Physique"
"N1","授","{""じゅ""}","{""さず.ける"",""さず.かる""}","Impart; Instruct; Grant; Confer"
"N2","印","{""いん""}","{""しるし"",""-じるし"",""しる.す""}","Stamp; Seal; Mark; Imprint; Symbol; Emblem; Trademark; Evidence; Souvenir; India"
"N1","創","{""そう"",""しょう""}","{""つく.る"",""はじ.める"",""きず"",""けず.しける""}","Genesis; Wound; Injury; Hurt; Start; Originate"
"N2","復","{""ふく""}","{""また""}","Restore; Return To; Revert; Resume"
"N1","往","{""おう""}","{""い.く"",""いにしえ"",""さき.に"",""ゆ.く""}","Journey; Travel; Chase Away; Let Go; Going; Before; Formerly"
"N1","較","{""かく"",""こう""}","{""くら.べる""}","Contrast; Compare"
"N2","筆","{""ひつ""}","{""ふで""}","Writing Brush; Writing; Painting Brush; Handwriting"
"N1","鉛","{""えん""}","{""なまり""}","Lead"
"N2","貯","{""ちょ""}","{""た.める"",""たくわ.える""}","Savings; Store; Lay In; Keep; Wear Mustache"
"N1","故","{""こ""}","{""ゆえ"",""ふる.い"",""もと""}","Happenstance; Especially; Intentionally; Reason; Cause; Circumstances; The Late; Therefore; Consequently"
"N1","障","{""しょう""}","{""さわ.る""}","Hinder; Hurt; Harm"
"N1","従","{""じゅう"",""しょう"",""じゅ""}","{""したが.う"",""したが.える"",""より""}","Accompany; Obey; Submit To; Comply; Follow; Secondary; Incidental; Subordinate"
"N1","我","{""が""}","{""われ"",""わ"",""わ.が-"",""わが-""}","Ego; I; Selfish; Our; Oneself"
"N1","激","{""げき""}","{""はげ.しい""}","Violent; Get Excited; Enraged; Chafe; Incite"
"N2","刺","{""し""}","{""さ.す"",""さ.さる"",""さ.し"",""さし"",""とげ""}","Thorn; Pierce; Stab; Prick; Sting; Calling Card"
"N1","励","{""れい""}","{""はげ.む"",""はげ.ます""}","Encourage; Be Diligent; Inspire"
"N1","討","{""とう""}","{""う.つ""}","Chastise; Attack; Defeat; Destroy; Conquer"
"N2","郵","{""ゆう""}","{}","Mail; Stagecoach Stop"
"N2","針","{""しん""}","{""はり""}","Needle; Pin; Staple; Stinger"
"N1","徴","{""ちょう"",""ち""}","{""しるし""}","Indications; Sign; Omen; Symptom; Collect; Seek; Refer To; Question"
"N1","怪","{""かい"",""け""}","{""あや.しい"",""あや.しむ""}","Suspicious; Mystery; Apparition"
"N1","獣","{""じゅう""}","{""けもの"",""けだもの""}","Animal; Beast"
"N3","突","{""とつ"",""か""}","{""つ.く""}","Stab; Protruding; Thrust; Pierce; Prick; Collision; Sudden"
"N2","菓","{""か""}","{}","Candy; Cakes; Fruit"
"N2","河","{""か""}","{""かわ""}","River"
"N1","振","{""しん""}","{""ふ.る"",""ぶ.る"",""ふ.り"",""-ぶ.り"",""ふ.るう""}","Shake; Wave; Wag; Swing"
"N2","汗","{""かん""}","{""あせ""}","Sweat; Perspire"
"N1","豚","{""とん""}","{""ぶた""}","Pork; Pig"
"N2","再","{""さい"",""さ""}","{""ふたた.び""}","Again; Twice; Second Time"
"N2","接","{""せつ"",""しょう""}","{""つ.ぐ""}","Touch; Contact; Adjoin; Piece Together"
"N1","独","{""どく"",""とく""}","{""ひと.り""}","Single; Alone; Spontaneously; Germany"
"N2","占","{""せん""}","{""し.める"",""うらな.う""}","Fortune-telling; Divining; Forecasting; Occupy; Hold; Have; Get; Take"
"N3","招","{""しょう""}","{""まね.く""}","Beckon; Invite; Summon; Engage"
"N3","段","{""だん"",""たん""}","{}","Grade; Steps; Stairs"
"N2","胃","{""い""}","{}","Stomach; Paunch; Crop; Craw"
"N3","腹","{""ふく""}","{""はら""}","Abdomen; Belly; Stomach"
"N3","痛","{""つう""}","{""いた.い"",""いた.む"",""いた.ましい"",""いた.める""}","Pain; Hurt; Damage; Bruise"
"N3","退","{""たい""}","{""しりぞ.く"",""しりぞ.ける"",""ひ.く"",""の.く"",""の.ける"",""ど.く""}","Retreat; Withdraw; Retire; Resign; Repel; Expel; Reject"
"N1","屈","{""くつ""}","{""かが.む"",""かが.める""}","Yield; Bend; Flinch; Submit"
"N2","悩","{""のう""}","{""なや.む"",""なや.ます"",""なや.ましい"",""なやみ""}","Trouble; Worry; In Pain; Distress; Illness"
"N1","暇","{""か""}","{""ひま"",""いとま""}","Spare Time; Rest; Leisure; Time; Leave Of Absence"
"N1","織","{""しょく"",""しき""}","{""お.る"",""お.り"",""おり"",""-おり"",""-お.り""}","Weave; Fabric"
"N4","貸","{""たい""}","{""か.す"",""か.し-"",""かし-""}","Lend"
"N3","迷","{""めい""}","{""まよ.う""}","Astray; Be Perplexed; In Doubt; Lost; Err; Illusion"
"N1","惑","{""わく""}","{""まど.う""}","Beguile; Delusion; Perplexity"
"N1","誘","{""ゆう""}","{""さそ.う"",""いざな.う""}","Entice; Lead; Tempt; Invite; Ask; Call For; Seduce; Allure"
"N1","就","{""しゅう"",""じゅ""}","{""つ.く"",""つ.ける""}","Concerning; Settle; Take Position; Depart; Study; Per"
"N3","訪","{""ほう""}","{""おとず.れる"",""たず.ねる"",""と.う""}","Call On; Visit; Look Up; Offer Sympathy"
"N3","怒","{""ど"",""ぬ""}","{""いか.る"",""おこ.る""}","Angry; Be Offended"
"N2","昇","{""しょう""}","{""のぼ.る""}","Rise Up"
"N3","眠","{""みん""}","{""ねむ.る"",""ねむ.い""}","Sleep; Die; Sleepy"
"N1","睡","{""すい""}","{""ねむ.る"",""ねむ.い""}","Drowsy; Sleep; Die"
"N1","症","{""しょう""}","{}","Symptoms; Illness"
"N1","締","{""てい""}","{""し.まる"",""し.まり"",""し.める"",""-し.め"",""-じ.め""}","Tighten; Tie; Shut; Lock; Fasten"
"N1","迫","{""はく""}","{""せま.る""}","Urge; Force; Imminent; Spur On"
"N3","靴","{""か""}","{""くつ""}","Shoes"
"N2","濃","{""のう""}","{""こ.い""}","Concentrated; Thick; Dark; Undiluted"
"N1","端","{""たん""}","{""はし"",""は"",""はた"",""-ばた"",""はな""}","Edge; Origin; End; Point; Border; Verge; Cape"
"N2","極","{""きょく"",""ごく""}","{""きわ.める"",""きわ.まる"",""きわ.まり"",""きわ.み"",""き.める"",""-ぎ.め"",""き.まる""}","Poles; Settlement; Conclusion; End; Highest Rank; Electric Poles; Very; Extremely; Most; Highly; 10**48"
"N3","途","{""と""}","{""みち""}","Route; Way; Road"
"N1","健","{""けん""}","{""すこ.やか""}","Healthy; Health; Strength; Persistence"
"N1","康","{""こう""}","{}","Ease; Peace"
"N1","郎","{""ろう"",""りょう""}","{""おとこ""}","Son; Counter For Sons"
"N3","給","{""きゅう""}","{""たま.う"",""たも.う"",""-たま.え""}","Salary; Wage; Gift; Allow; Grant; Bestow On"
"N2","逆","{""ぎゃく"",""げき""}","{""さか"",""さか.さ"",""さか.らう""}","Inverted; Reverse; Opposite; Wicked"
"N2","巨","{""きょ""}","{}","Gigantic; Big; Large; Great"
"N2","庫","{""こ"",""く""}","{""くら""}","Warehouse; Storehouse"
"N2","児","{""じ"",""に"",""げい""}","{""こ"",""-こ"",""-っこ""}","Newborn Babe; Child; Young Of Animals"
"N3","冷","{""れい""}","{""つめ.たい"",""ひ.える"",""ひ.や"",""ひ.ややか"",""ひ.やす"",""ひ.やかす"",""さ.める"",""さ.ます""}","Cool; Cold (beer, Person); Chill"
"N2","凍","{""とう""}","{""こお.る"",""こご.える"",""こご.る"",""い.てる"",""し.みる""}","Frozen; Congeal; Refrigerate"
"N2","幼","{""よう""}","{""おさな.い""}","Infancy; Childhood"
"N1","稚","{""ち"",""じ""}","{""いとけない"",""おさない"",""おくて"",""おでる""}","Immature; Young"
"N3","処","{""しょ""}","{""ところ"",""-こ"",""お.る""}","Dispose; Manage; Deal With; Sentence; Condemn; Act; Behave; Place"
"N1","博","{""はく"",""ばく""}","{}","Dr.; Command; Esteem; Win Acclaim; Ph.d.; Exposition; Fair"
"N2","清","{""せい"",""しょう"",""しん""}","{""きよ.い"",""きよ.まる"",""きよ.める""}","Pure; Purify; Cleanse; Exorcise; Manchu Dynasty"
"N1","潔","{""けつ""}","{""いさぎよ.い""}","Undefiled; Pure; Clean; Righteous; Gallant"
"N2","録","{""ろく""}","{""しる.す"",""と.る""}","Record"
"N1","隊","{""たい""}","{}","Regiment; Party; Company; Squad"
"N1","修","{""しゅう"",""しゅ""}","{""おさ.める"",""おさ.まる""}","Discipline; Conduct Oneself Well; Study; Master"
"N2","券","{""けん""}","{}","Ticket"
"N3","婦","{""ふ""}","{""よめ""}","Lady; Woman; Wife; Bride"
"N1","奇","{""き""}","{""く.しき"",""あや.しい"",""くし"",""めずら.しい""}","Strange; Strangeness; Curiosity"
"N1","妙","{""みょう"",""びょう""}","{""たえ""}","Exquisite; Strange; Queer; Mystery; Miracle; Excellent; Delicate; Charming"
"N1","麗","{""れい""}","{""うるわ.しい"",""うら.らか""}","Lovely; Beautiful; Graceful; Resplendent"
"N1","微","{""び""}","{""かす.か""}","Delicate; Minuteness; Insignificance"
"N1","益","{""えき"",""やく""}","{""ま.す""}","Benefit; Gain; Profit; Advantage"
"N2","移","{""い""}","{""うつ.る"",""うつ.す""}","Shift; Move; Change; Drift; Catch (cold, Fire); Pass Into"
"N3","程","{""てい""}","{""ほど"",""-ほど""}","Extent; Degree; Law; Formula; Distance; Limits; Amount"
"N3","精","{""せい"",""しょう""}","{""しら.げる"",""くわ.しい""}","Refined; Ghost; Fairy; Energy; Vitality; Semen; Excellence; Purity; Skill"
"N3","絶","{""ぜつ""}","{""た.える"",""た.やす"",""た.つ""}","Discontinue; Sever; Cut Off; Abstain; Interrupt; Suppress; Be Beyond; Without Match; Peerless; Unparalleled"
"N2","並","{""へい"",""ほう""}","{""な.み"",""なみ"",""なら.べる"",""なら.ぶ"",""なら.びに""}","Row; And; Besides; As Well As; Line Up; Rank With; Rival; Equal"
"N1","憲","{""けん""}","{}","Constitution; Law"
"N1","衆","{""しゅう"",""しゅ""}","{""おお.い""}","Masses; Great Numbers; Multitude; Populace"
"N1","傘","{""さん""}","{""かさ""}","Umbrella"
"N1","浜","{""ひん""}","{""はま""}","Seacoast; Beach; Seashore"
"N1","撃","{""げき""}","{""う.つ""}","Beat; Attack; Defeat; Conquer"
"N1","攻","{""こう""}","{""せ.める""}","Aggression; Attack; Criticize; Polish"
"N1","監","{""かん""}","{}","Oversee; Official; Govt Office; Rule; Administer"
"N3","杯","{""はい""}","{""さかずき""}","Counter For Cupfuls; Wine Glass; Glass; Toast"
"N2","乾","{""かん"",""けん""}","{""かわ.く"",""かわ.かす"",""ほ.す"",""ひ.る"",""いぬい""}","Drought; Dry; Dessicate; Drink Up; Heaven; Emperor"
"N1","催","{""さい""}","{""もよう.す"",""もよお.す""}","Sponsor; Hold (a Meeting); Give (a Dinner)"
"N1","促","{""そく""}","{""うなが.す""}","Stimulate; Urge; Press; Demand; Incite"
"N2","欧","{""おう""}","{""うた.う"",""は.く""}","Europe"
"N1","江","{""こう""}","{""え""}","Creek; Inlet; Bay"
"N1","請","{""せい"",""しん"",""しょう""}","{""こ.う"",""う.ける""}","Solicit; Invite; Ask"
"N1","雄","{""ゆう""}","{""お-"",""おす"",""おん""}","Masculine; Male; Hero; Leader; Superiority; Excellence"
"N1","壊","{""かい"",""え""}","{""こわ.す"",""こわ.れる"",""やぶ.る""}","Demolition; Break; Destroy"
"N1","診","{""しん""}","{""み.る""}","Checkup; Seeing; Diagnose; Examine"
"N1","閣","{""かく""}","{}","Tower; Tall Building; Palace"
"N1","僚","{""りょう""}","{}","Colleague; Official; Companion"
"N3","積","{""せき""}","{""つ.む"",""-づ.み"",""つ.もる"",""つ.もり""}","Volume; Product (x*y); Acreage; Contents; Pile Up; Stack; Load; Amass"
"N1","督","{""とく""}","{}","Coach; Command; Urge; Lead; Supervise"
"N2","臣","{""しん"",""じん""}","{}","Retainer; Subject"
"N2","略","{""りゃく""}","{""ほぼ"",""はぶ.く"",""おか.す"",""おさ.める"",""はかりごと"",""はか.る""}","Abbreviation; Omission; Outline; Shorten; Capture; Plunder"
"N2","航","{""こう""}","{}","Navigate; Sail; Cruise; Fly"
"N3","寄","{""き""}","{""よ.る"",""-よ.り"",""よ.せる""}","Draw Near; Stop In; Bring Near; Gather; Collect; Send; Forward"
"N2","板","{""はん"",""ばん""}","{""いた""}","Plank; Board; Plate; Stage"
"N1","街","{""がい"",""かい""}","{""まち""}","Boulevard; Street; Town"
"N1","宗","{""しゅう"",""そう""}","{""むね""}","Religion; Sect; Denomination; Main Point; Origin; Essence"
"N1","緊","{""きん""}","{""し.める"",""し.まる""}","Tense; Solid; Hard; Reliable; Tight"
"N3","娘","{""じょう""}","{""むすめ"",""こ""}","Daughter; Girl"
"N1","宴","{""えん""}","{""うたげ""}","Banquet; Feast; Party"
"N3","怖","{""ふ"",""ほ""}","{""こわ.い"",""こわ.がる"",""お.じる"",""おそ.れる""}","Dreadful; Be Frightened; Fearful"
"N3","恐","{""きょう""}","{""おそ.れる"",""おそ.る"",""おそ.ろしい"",""こわ.い"",""こわ.がる""}","Fear; Dread; Awe"
"N1","添","{""てん""}","{""そ.える"",""そ.う""}","Annexed; Accompany; Marry; Suit; Meet; Satisfy; Attach; Append; Garnish; Imitate"
"N1","猛","{""もう""}","{}","Fierce; Rave; Rush; Become Furious; Wildness; Strength"
"N1","烈","{""れつ""}","{""はげ.しい""}","Ardent; Violent; Vehement; Furious; Severe; Extreme"
"N1","索","{""さく""}","{}","Cord; Rope; Searching; Inquiring"
"N2","詰","{""きつ"",""きち""}","{""つ.める"",""つ.め"",""-づ.め"",""つ.まる"",""つ.む""}","Packed; Close; Pressed; Reprove; Rebuke; Blame"
"N1","詳","{""しょう""}","{""くわ.しい"",""つまび.らか""}","Detailed; Full; Minute; Accurate; Well-informed"
"N1","魅","{""み""}","{}","Fascination; Charm; Bewitch"
"N1","渇","{""かつ""}","{""かわ.く""}","Thirst; Dry Up; Parch"
"N1","系","{""けい""}","{}","Lineage; System"
"N3","婚","{""こん""}","{}","Marriage"
"N3","遊","{""ゆう"",""ゆ""}","{""あそ.ぶ"",""あそ.ばす""}","Play"
"N1","旗","{""き""}","{""はた""}","National Flag; Banner; Standard"
"N2","照","{""しょう""}","{""て.る"",""て.らす"",""て.れる""}","Illuminate; Shine; Compare; Bashful"
"N2","快","{""かい""}","{""こころよ.い""}","Cheerful; Pleasant; Agreeable; Comfortable"
"N2","版","{""はん""}","{}","Printing Block; Printing Plate; Edition; Impression; Label"
"N3","貧","{""ひん"",""びん""}","{""まず.しい""}","Poverty; Poor"
"N1","乏","{""ぼう""}","{""とぼ.しい"",""とも.しい""}","Destitution; Scarce; Limited"
"N3","適","{""てき""}","{""かな.う""}","Suitable; Occasional; Rare; Qualified; Capable"
"N2","預","{""よ""}","{""あず.ける"",""あず.かる""}","Deposit; Custody; Leave With; Entrust To"
"N2","延","{""えん""}","{""の.びる"",""の.べる"",""の.べ"",""の.ばす""}","Prolong; Stretching"
"N2","翌","{""よく""}","{}","The Following; Next"
"N1","覧","{""らん""}","{""み.る""}","Perusal; See"
"N1","懐","{""かい"",""え""}","{""ふところ"",""なつ.かしい"",""なつ.かしむ"",""なつ.く"",""なつ.ける"",""なず.ける"",""いだ.く"",""おも.う""}","Pocket; Feelings; Heart; Yearn; Miss Someone; Become Attached To; Bosom; Breast"
"N3","押","{""おう""}","{""お.す"",""お.し-"",""お.っ-"",""お.さえる"",""おさ.える""}","Push; Stop; Check; Subdue; Attach; Seize; Weight; Shove; Press; Seal; Do In Spite Of"
"N3","更","{""こう""}","{""さら"",""さら.に"",""ふ.ける"",""ふ.かす""}","Grow Late; Night Watch; Sit Up Late; Of Course; Renew; Renovate; Again; More And More; Further"
"N3","浮","{""ふ""}","{""う.く"",""う.かれる"",""う.かぶ"",""む"",""う.かべる""}","Floating; Float; Rise To Surface"
"N1","漏","{""ろう""}","{""も.る"",""も.れる"",""も.らす""}","Leak; Escape; Time"
"N2","符","{""ふ""}","{}","Token; Sign; Mark; Tally; Charm"
"N1","購","{""こう""}","{}","Subscription; Buy"
"N3","越","{""えつ"",""おつ""}","{""こ.す"",""-こ.す"",""-ご.し"",""こ.える"",""-ご.え""}","Surpass; Cross Over; Move To; Exceed; Vietnam"
"N1","飾","{""しょく""}","{""かざ.る"",""かざ.り""}","Decorate; Ornament; Adorn; Embellish"
"N1","騒","{""そう""}","{""さわ.ぐ"",""うれい"",""さわ.がしい""}","Boisterous; Make Noise; Clamor; Disturb; Excite"
"N3","背","{""はい""}","{""せ"",""せい"",""そむ.く"",""そむ.ける""}","Stature; Height; Back; Behind; Disobey; Defy; Go Back On; Rebel"
"N1","撮","{""さつ""}","{""と.る"",""つま.む"",""-ど.り""}","Snapshot; Take Pictures"
"N3","盗","{""とう""}","{""ぬす.む"",""ぬす.み""}","Steal; Rob; Pilfer"
"N1","離","{""り""}","{""はな.れる"",""はな.す""}","Detach; Separation; Disjoin; Digress"
"N1","融","{""ゆう""}","{""と.ける"",""と.かす""}","Dissolve; Melt"
"N2","編","{""へん""}","{""あ.む"",""-あ.み""}","Compilation; Knit; Plait; Braid; Twist; Editing; Completed Poem; Part Of A Book"
"N1","華","{""か"",""け""}","{""はな""}","Splendor; Flower; Petal; Shine; Luster; Ostentatious; Showy; Gay; Gorgeous"
"N1","既","{""き""}","{""すで.に""}","Previously; Already; Long Ago"
"N2","普","{""ふ""}","{""あまね.く"",""あまねし""}","Universal; Wide(ly); Generally; Prussia"
"N1","豪","{""ごう""}","{""えら.い""}","Overpowering; Great; Powerful; Excelling; Australia"
"N1","鑑","{""かん""}","{""かんが.みる"",""かがみ""}","Specimen; Take Warning From; Learn From"
"N3","除","{""じょ"",""じ""}","{""のぞ.く"",""-よ.け""}","Exclude; Division (x/3); Remove; Abolish; Cancel; Except"
"N1","尋","{""じん""}","{""たず.ねる"",""ひろ""}","Inquire; Fathom; Look For"
"N3","幾","{""き""}","{""いく-"",""いく.つ"",""いく.ら""}","How Many; How Much; How Far; How Long; Some; Several"
"N1","廊","{""ろう""}","{}","Corridor; Hall; Tower"
"N2","掃","{""そう"",""しゅ""}","{""は.く""}","Sweep; Brush"
"N2","泥","{""でい"",""ない"",""で"",""に""}","{""どろ"",""なず.む""}","Mud; Mire; Adhere To; Be Attached To"
"N2","棒","{""ぼう""}","{}","Rod; Stick; Cane; Pole; Club; Line"
"N1","驚","{""きょう""}","{""おどろ.く"",""おどろ.かす""}","Wonder; Be Surprised; Frightened; Amazed"
"N1","嘆","{""たん""}","{""なげ.く"",""なげ.かわしい""}","Sigh; Lament; Moan; Grieve; Sigh Of Admiration"
"N1","倉","{""そう""}","{""くら""}","Godown; Warehouse; Storehouse; Cellar; Treasury"
"N2","孫","{""そん""}","{""まご""}","Grandchild; Descendants"
"N1","巣","{""そう""}","{""す"",""す.くう""}","Nest; Rookery; Hive; Cobweb; Den"
"N2","帯","{""たい""}","{""お.びる"",""おび""}","Sash; Belt; Obi; Zone; Region"
"N1","径","{""けい""}","{""みち"",""こみち"",""さしわたし"",""ただちに""}","Diameter; Path; Method"
"N1","救","{""きゅう""}","{""すく.う""}","Salvation; Save; Help; Rescue; Reclaim"
"N3","散","{""さん""}","{""ち.る"",""ち.らす"",""-ち.らす"",""ち.らかす"",""ち.らかる"",""ち.らばる"",""ばら"",""ばら.ける""}","Scatter; Disperse; Spend; Squander"
"N2","粉","{""ふん""}","{""デシメートル"",""こ"",""こな""}","Flour; Powder; Dust"
"N1","脈","{""みゃく""}","{""すじ""}","Vein; Pulse; Hope"
"N2","菜","{""さい""}","{""な""}","Vegetable; Side Dish; Greens"
"N2","貨","{""か""}","{""たから""}","Freight; Goods; Property"
"N2","陸","{""りく"",""ろく""}","{""おか""}","Land; Six"
"N3","似","{""じ""}","{""に.る"",""ひ.る""}","Becoming; Resemble; Counterfeit; Imitate; Suitable"
"N2","均","{""きん""}","{""なら.す""}","Level; Average"
"N1","墓","{""ぼ""}","{""はか""}","Grave; Tomb"
"N3","富","{""ふ"",""ふう""}","{""と.む"",""とみ""}","Wealth; Enrich; Abundant"
"N1","徳","{""とく""}","{}","Benevolence; Virtue; Goodness; Commanding Respect"
"N3","探","{""たん""}","{""さぐ.る"",""さが.す""}","Grope; Search; Look For"
"N1","偵","{""てい""}","{}","Spy"
"N1","綺","{""き""}","{""あや""}","Figured Cloth; Beautiful"
"N1","序","{""じょ""}","{""つい.で"",""ついで""}","Preface; Beginning; Order; Precedence; Occasion; Chance; Incidentally"
"N3","迎","{""げい""}","{""むか.える""}","Welcome; Meet; Greet"
"N1","志","{""し""}","{""シリング"",""こころざ.す"",""こころざし""}","Intention; Plan; Resolve; Aspire; Motive; Hopes; Shilling"
"N1","恩","{""おん""}","{}","Grace; Kindness; Goodness; Favor; Mercy; Blessing; Benefit"
"N2","採","{""さい""}","{""と.る""}","Pick; Take; Fetch; Take Up"
"N1","桜","{""おう"",""よう""}","{""さくら""}","Cherry"
"N2","永","{""えい""}","{""なが.い""}","Eternity; Long; Lengthy"
"N2","液","{""えき""}","{}","Fluid; Liquid; Juice; Sap; Secretion"
"N1","眼","{""がん"",""げん""}","{""まなこ"",""め""}","Eyeball"
"N3","祖","{""そ""}","{}","Ancestor; Pioneer; Founder"
"N2","績","{""せき""}","{}","Exploits; Achievements; Unreeling Cocoons"
"N1","興","{""こう"",""きょう""}","{""おこ.る"",""おこ.す""}","Entertain; Revive; Retrieve; Interest; Pleasure"
"N1","衛","{""えい"",""え""}","{}","Defense; Protection"
"N2","複","{""ふく""}","{}","Duplicate; Double; Compound; Multiple"
"N3","雑","{""ざつ"",""ぞう""}","{""まじ.える"",""まじ.る""}","Miscellaneous"
"N3","賛","{""さん""}","{""たす.ける"",""たた.える""}","Approve; Praise; Title Or Inscription On Picture; Assist; Agree With"
"N1","酸","{""さん""}","{""す.い""}","Acid; Bitterness; Sour; Tart"
"N1","銭","{""せん"",""ぜん""}","{""ぜに"",""すき""}","Coin; .01 Yen; Money"
"N1","飼","{""し""}","{""か.う""}","Domesticate; Raise; Keep; Feed"
"N1","傷","{""しょう""}","{""きず"",""いた.む"",""いた.める""}","Wound; Hurt; Injure; Impair; Pain; Injury; Cut; Gash; Scar; Weak Point"
"N2","党","{""とう""}","{""なかま"",""むら""}","Party; Faction; Clique"
"N2","卵","{""らん""}","{""たまご""}","Egg; Ovum; Spawn; Roe"
"N1","厳","{""げん"",""ごん""}","{""おごそ.か"",""きび.しい"",""いか.めしい"",""いつくし""}","Stern; Strictness; Severity; Rigidity"
"N2","捨","{""しゃ""}","{""す.てる""}","Discard; Throw Away; Abandon; Resign; Reject; Sacrifice"
"N3","込","{}","{""-こ.む"",""こ.む"",""こ.み"",""-こ.み"",""こ.める""}","Crowded; Mixture; In Bulk; Included; (kokuji)"
"N1","密","{""みつ""}","{""ひそ.か""}","Secrecy; Density (pop); Minuteness; Carefulness"
"N2","汚","{""お""}","{""けが.す"",""けが.れる"",""けが.らわしい"",""よご.す"",""よご.れる"",""きたな.い""}","Dirty; Pollute; Disgrace; Rape; Defile"
"N3","欲","{""よく""}","{""ほっ.する"",""ほ.しい""}","Longing; Covetousness; Greed; Passion; Desire; Craving"
"N1","暖","{""だん"",""のん""}","{""あたた.か"",""あたた.かい"",""あたた.まる"",""あたた.める""}","Warmth"
"N2","机","{""き""}","{""つくえ""}","Desk; Table"
"N1","秘","{""ひ""}","{""ひ.める"",""ひそ.か"",""かく.す""}","Secret; Conceal"
"N1","訳","{""やく""}","{""わけ""}","Translate; Reason; Circumstance; Case"
"N1","染","{""せん""}","{""そ.める"",""-ぞ.め"",""-ぞめ"",""そ.まる"",""し.みる"",""-じ.みる"",""し.み"",""-し.める""}","Dye; Color; Paint; Stain; Print"
"N2","簡","{""かん"",""けん""}","{""えら.ぶ"",""ふだ""}","Simplicity; Brevity"
"N3","閉","{""へい""}","{""と.じる"",""と.ざす"",""し.める"",""し.まる"",""た.てる""}","Closed; Shut"
"N2","誌","{""し""}","{}","Document; Records"
"N3","窓","{""そう"",""す""}","{""まど"",""てんまど"",""けむだし""}","Window; Pane"
"N3","否","{""ひ""}","{""いな"",""いや""}","Negate; No; Noes; Refuse; Decline; Deny"
"N1","筋","{""きん""}","{""すじ""}","Muscle; Sinew; Tendon; Fiber; Plot; Plan; Descent"
"N1","垂","{""すい""}","{""た.れる"",""た.らす"",""た.れ"",""-た.れ"",""なんなんと.す""}","Droop; Suspend; Hang; Slouch"
"N2","宝","{""ほう""}","{""たから""}","Treasure; Wealth; Valuables"
"N1","宣","{""せん""}","{""のたま.う""}","Proclaim; Say; Announce"
"N2","尊","{""そん""}","{""たっと.い"",""とうと.い"",""たっと.ぶ"",""とうと.ぶ""}","Revered; Valuable; Precious; Noble; Exalted"
"N1","忠","{""ちゅう""}","{}","Loyalty; Fidelity; Faithfulness"
"N1","拡","{""かく"",""こう""}","{""ひろ.がる"",""ひろ.げる"",""ひろ.める""}","Broaden; Extend; Expand; Enlarge"
"N1","操","{""そう"",""さん""}","{""みさお"",""あやつ.る""}","Maneuver; Manipulate; Operate; Steer; Chastity; Virginity; Fidelity"
"N2","敬","{""けい"",""きょう""}","{""うやま.う""}","Awe; Respect; Honor; Revere"
"N3","暮","{""ぼ""}","{""く.れる"",""く.らす""}","Evening; Twilight; Season's End; Livelihood; Make A Living; Spend Time"
"N2","灰","{""かい""}","{""はい""}","Ashes; Puckery Juice; Cremate"
"N1","熟","{""じゅく""}","{""う.れる""}","Mellow; Ripen; Mature; Acquire Skill"
"N1","異","{""い""}","{""こと"",""こと.なる"",""け""}","Uncommon; Different; Queerness; Strangeness; Wonderful; Curious; Unusual"
"N1","皇","{""こう"",""おう""}","{}","Emperor"
"N1","盛","{""せい"",""じょう""}","{""も.る"",""さか.る"",""さか.ん""}","Boom; Prosper; Copulate"
"N2","砂","{""さ"",""しゃ""}","{""すな""}","Sand"
"N1","漠","{""ばく""}","{}","Vague; Obscure; Desert; Wide"
"N1","糖","{""とう""}","{}","Sugar"
"N1","納","{""のう"",""なっ"",""な"",""なん"",""とう""}","{""おさ.める"",""-おさ.める"",""おさ.まる""}","Settlement; Obtain; Reap; Pay; Supply; Store"
"N1","肺","{""はい""}","{}","Lungs"
"N2","著","{""ちょ"",""ちゃく""}","{""あらわ.す"",""いちじる.しい""}","Renowned; Publish; Write; Remarkable; Phenomenal; Put On; Don; Wear; Arrival; Finish (race); Counter For Suits Of Clothing; Literary Work"
"N2","蒸","{""じょう"",""せい""}","{""む.す"",""む.れる"",""む.らす""}","Steam; Heat; Sultry; Foment; Get Musty"
"N2","蔵","{""ぞう"",""そう""}","{""くら"",""おさ.める"",""かく.れる""}","Storehouse; Hide; Own; Have; Possess"
"N2","装","{""そう"",""しょう""}","{""よそお.う"",""よそお.い""}","Attire; Dress; Pretend; Disguise; Profess"
"N2","裏","{""り""}","{""うら""}","Back; Amidst; In; Reverse; Inside; Palm; Sole; Rear; Lining; Wrong Side"
"N2","諸","{""しょ""}","{""もろ""}","Various; Many; Several; Together"
"N1","賃","{""ちん""}","{}","Fare; Fee; Hire; Rent; Wages; Charge"
"N3","誤","{""ご""}","{""あやま.る"",""-あやま.る""}","Mistake; Err; Do Wrong; Mislead"
"N2","臓","{""ぞう""}","{""はらわた""}","Entrails; Viscera; Bowels"
"N1","貴","{""き""}","{""たっと.い"",""とうと.い"",""たっと.ぶ"",""とうと.ぶ""}","Precious; Value; Prize; Esteem; Honor"
"N3","降","{""こう"",""ご""}","{""お.りる"",""お.ろす"",""ふ.る"",""ふ.り"",""くだ.る"",""くだ.す""}","Descend; Precipitate; Fall; Surrender"
"N1","吐","{""と""}","{""は.く"",""つ.く""}","Spit; Vomit; Belch; Confess; Tell (lies)"
"N1","奴","{""ど""}","{""やつ"",""やっこ""}","Guy; Slave; Manservant; Fellow"
"N1","隷","{""れい""}","{""したが.う"",""しもべ""}","Slave; Servant; Prisoner; Criminal; Follower"
"N1","芋","{""う""}","{""いも""}","Potato"
"N1","縮","{""しゅく""}","{""ちぢ.む"",""ちぢ.まる"",""ちぢ.める"",""ちぢ.れる"",""ちぢ.らす""}","Shrink; Contract; Shrivel; Wrinkle; Reduce"
"N2","純","{""じゅん""}","{}","Genuine; Purity; Innocence; Net (profit)"
"N1","縦","{""じゅう""}","{""たて""}","Vertical; Length; Height; Self-indulgent; Wayward"
"N1","粋","{""すい""}","{""いき""}","Chic; Style; Purity; Essence; Pith; Cream; Elite; Choice"
"N1","聖","{""せい"",""しょう""}","{""ひじり""}","Holy; Saint; Sage; Master; Priest"
"N1","磁","{""じ""}","{}","Magnet; Porcelain"
"N2","紅","{""こう"",""く""}","{""べに"",""くれない"",""あか.い""}","Crimson; Deep Red"
"N1","射","{""しゃ""}","{""い.る"",""さ.す"",""う.つ""}","Shoot; Shine Into; Onto; Archery"
"N1","幕","{""まく"",""ばく""}","{""とばり""}","Curtain; Bunting; Act Of Play"
"N2","拝","{""はい""}","{""おが.む"",""おろが.む""}","Worship; Adore; Pray To"
"N1","薦","{""せん""}","{""すす.める""}","Recommend; Mat; Advise; Encourage; Offer"
"N1","推","{""すい""}","{""お.す""}","Conjecture; Infer; Guess; Suppose; Support; Push (for)"
"N1","揮","{""き""}","{""ふる.う""}","Brandish; Wave; Wag; Swing; Shake"
"N1","沿","{""えん""}","{""そ.う"",""-ぞ.い""}","Run Alongside; Follow Along; Run Along; Lie Along"
"N1","源","{""げん""}","{""みなもと""}","Source; Origin"
"N2","劇","{""げき""}","{}","Drama; Play"
"N3","勤","{""きん"",""ごん""}","{""つと.める"",""-づと.め"",""つと.まる"",""いそ.しむ""}","Diligence; Become Employed; Serve"
"N1","歓","{""かん""}","{""よろこ.ぶ""}","Delight; Joy"
"N2","承","{""しょう"",""じょう""}","{""うけたまわ.る"",""う.ける""}","Acquiesce; Hear; Listen To; Be Informed; Receive"
"N2","損","{""そん""}","{""そこ.なう"",""そこな.う"",""-そこ.なう"",""そこ.ねる"",""-そこ.ねる""}","Damage; Loss; Disadvantage; Hurt; Injure"
"N2","枝","{""し""}","{""えだ""}","Bough; Branch; Twig; Limb; Counter For Branches"
"N1","豆","{""とう"",""ず""}","{""まめ"",""まめ-""}","Beans; Pea; Midget"
"N3","刻","{""こく""}","{""きざ.む"",""きざ.み""}","Engrave; Cut Fine; Chop; Hash; Mince; Time; Carving"
"N1","腐","{""ふ""}","{""くさ.る"",""-くさ.る"",""くさ.れる"",""くさ.れ"",""くさ.らす"",""くさ.す""}","Rot; Decay; Sour"
"N3","遅","{""ち""}","{""おく.れる"",""おく.らす"",""おそ.い""}","Slow; Late; Back; Later"
"N1","彫","{""ちょう""}","{""ほ.る"",""-ぼ.り""}","Carve; Engrave; Chisel"
"N2","測","{""そく""}","{""はか.る""}","Fathom; Plan; Scheme; Measure"
"N3","破","{""は""}","{""やぶ.る"",""やぶ.れる"",""わ.れる""}","Rend; Rip; Tear; Break; Destroy; Defeat; Frustrate"
"N1","舎","{""しゃ"",""せき""}","{""やど.る""}","Cottage; Inn; Hut; House; Mansion"
"N2","講","{""こう""}","{}","Lecture; Club; Association"
"N1","滞","{""たい"",""てい""}","{""とどこお.る""}","Stagnate; Be Delayed; Overdue; Arrears"
"N2","紹","{""しょう""}","{}","Introduce; Inherit; Help"
"N2","介","{""かい""}","{}","Jammed In; Shellfish; Mediate; Concern Oneself With"
"N1","己","{""こ"",""き""}","{""おのれ"",""つちのと"",""な""}","Self"
"N1","厄","{""やく""}","{}","Unlucky; Misfortune; Bad Luck; Disaster"
"N1","亀","{""き"",""きゅう"",""きん""}","{""かめ""}","Tortoise; Turtle"
"N3","互","{""ご""}","{""たが.い"",""かたみ.に""}","Mutually; Reciprocally; Together"
"N1","剣","{""けん""}","{""つるぎ""}","Sabre; Sword; Blade; Clock Hand"
"N3","彼","{""ひ""}","{""かれ"",""かの"",""か.の""}","He; That; The"
"N3","恥","{""ち""}","{""は.じる"",""はじ"",""は.じらう"",""は.ずかしい""}","Shame; Dishonor"
"N1","杉","{""さん""}","{""すぎ""}","Cedar; Cryptomeria"
"N1","汁","{""じゅう""}","{""しる"",""-しる"",""つゆ""}","Soup; Juice; Broth; Sap; Gravy; Pus"
"N1","炎","{""えん""}","{""ほのお""}","Inflammation; Flame; Blaze"
"N1","為","{""い""}","{""ため"",""な.る"",""な.す"",""す.る"",""たり"",""つく.る"",""なり""}","Do; Change; Make; Benefit; Welfare; Be Of Use; Reach To; Try; Practice; Cost; Serve As; Good; Advantage; As A Result Of"
"N1","熊","{""ゆう""}","{""くま""}","Bear"
"N1","獄","{""ごく""}","{}","Prison; Jail"
"N1","酔","{""すい""}","{""よ.う"",""よ.い"",""よ""}","Drunk; Feel Sick; Poisoned; Elated; Spellbound"
"N1","酢","{""さく""}","{""す""}","Vinegar; Sour; Acid; Tart"
"N2","湖","{""こ""}","{""みずうみ""}","Lake"
"N2","銅","{""どう""}","{""あかがね""}","Copper"
"N3","払","{""ふつ"",""ひつ"",""ほつ""}","{""はら.う"",""-はら.い"",""-ばら.い""}","Pay; Clear Out; Prune; Banish; Dispose Of"
"N2","油","{""ゆ"",""ゆう""}","{""あぶら""}","Oil; Fat"
"N2","旧","{""きゅう""}","{""ふる.い"",""もと""}","Old Times; Old Things; Old Friend; Former; Ex-"
"N2","姓","{""せい"",""しょう""}","{}","Surname"
"N2","貿","{""ぼう""}","{}","Trade; Exchange"
"N2","将","{""しょう"",""そう""}","{""まさ.に"",""はた"",""まさ"",""ひきい.る"",""もって""}","Leader; Commander; General; Admiral; Or; And Again; Soon; From Now On; Just About"
"N1","盟","{""めい""}","{}","Alliance; Oath"
"N1","遺","{""い"",""ゆい""}","{""のこ.す""}","Bequeath; Leave Behind; Reserve"
"N2","伸","{""しん""}","{""の.びる"",""の.ばす"",""の.べる"",""の.す""}","Expand; Stretch; Extend; Lengthen; Increase"
"N1","債","{""さい""}","{}","Bond; Loan; Debt"
"N1","及","{""きゅう""}","{""およ.ぶ"",""およ.び"",""および"",""およ.ぼす""}","Reach Out; Exert; Exercise; Cause"
"N1","奈","{""な"",""ない"",""だい""}","{""いかん"",""からなし""}","Nara; What?"
"N2","幅","{""ふく""}","{""はば""}","Hanging Scroll; Width"
"N1","廃","{""はい""}","{""すた.れる"",""すた.る""}","Abolish; Obsolete; Cessation; Discarding; Abandon"
"N2","甘","{""かん""}","{""あま.い"",""あま.える"",""あま.やかす"",""うま.い""}","Sweet; Coax; Pamper; Be Content; Sugary"
"N2","換","{""かん""}","{""か.える"",""-か.える"",""か.わる""}","Interchange; Period; Change; Convert; Replace; Renew"
"N1","摘","{""てき""}","{""つ.む""}","Pinch; Pick; Pluck; Trim; Clip; Summarize"
"N1","核","{""かく""}","{}","Nucleus; Core; Kernel"
"N1","沖","{""ちゅう""}","{""おき"",""おきつ"",""ちゅう.する"",""わく""}","Open Sea; Offing; Rise High Into Sky"
"N1","縄","{""じょう""}","{""なわ"",""ただ.す""}","Straw Rope; Cord"
"N1","津","{""しん""}","{""つ""}","Haven; Port; Harbor; Ferry"
"N1","献","{""けん"",""こん""}","{""たてまつ.る""}","Offering; Counter For Drinks; Present; Offer"
"N2","療","{""りょう""}","{}","Heal; Cure"
"N1","継","{""けい""}","{""つ.ぐ"",""まま-""}","Inherit; Succeed; Continue; Patch; Graft (tree)"
"N1","維","{""い""}","{}","Fiber; Tie; Rope"
"N3","舞","{""ぶ""}","{""ま.う"",""-ま.う"",""まい""}","Dance; Flit; Circle; Wheel"
"N1","伎","{""ぎ"",""き""}","{""わざ"",""わざおぎ""}","Deed; Skill"
"N1","踏","{""とう""}","{""ふ.む"",""ふ.まえる""}","Step; Trample; Carry Through; Appraise; Evade Payment"
"N2","般","{""はん""}","{}","Carrier; Carry; All; General; Sort; Kind"
"N3","頼","{""らい""}","{""たの.む"",""たの.もしい"",""たよ.る""}","Trust; Request"
"N2","依","{""い"",""え""}","{""よ.る""}","Reliant; Depend On; Consequently; Therefore; Due To"
"N1","鹿","{""ろく""}","{""しか"",""か""}","Deer"
"N1","諾","{""だく""}","{}","Consent; Assent; Agreement"
"N1","跳","{""ちょう""}","{""は.ねる"",""と.ぶ"",""-と.び""}","Hop; Leap Up; Spring; Jerk; Prance; Buck; Splash; Sputter; Snap"
"N1","昭","{""しょう""}","{}","Shining; Bright"
"N2","漁","{""ぎょ"",""りょう""}","{""あさ.る""}","Fishing; Fishery"
"N1","償","{""しょう""}","{""つぐな.う""}","Reparation; Make Up For; Recompense; Redeem"
"N1","刑","{""けい""}","{}","Punish; Penalty; Sentence; Punishment"
"N2","募","{""ぼ""}","{""つの.る""}","Recruit; Campaign; Gather (contributions); Enlist; Grow Violent"
"N1","執","{""しつ"",""しゅう""}","{""と.る""}","Tenacious; Take Hold; Grasp; Take To Heart"
"N1","塁","{""るい"",""らい"",""すい""}","{""とりで""}","Bases; Fort; Rampart; Walls; Base(ball)"
"N1","崩","{""ほう""}","{""くず.れる"",""-くず.れ"",""くず.す""}","Crumble; Die; Demolish; Level"
"N2","患","{""かん""}","{""わずら.う""}","Afflicted; Disease; Suffer From; Be Ill"
"N3","戻","{""れい""}","{""もど.す"",""もど.る""}","Re-; Return; Revert; Resume; Restore; Go Backwards"
"N1","抗","{""こう""}","{""あらが.う""}","Confront; Resist; Defy; Oppose"
"N1","抵","{""てい""}","{}","Resist; Reach; Touch"
"N1","旬","{""じゅん"",""しゅん""}","{}","Decameron; Ten-day Period; Season (for Specific Products)"
"N2","湾","{""わん""}","{""いりえ""}","Gulf; Bay; Inlet"
"N2","爆","{""ばく""}","{""は.ぜる""}","Bomb; Burst Open; Pop; Split"
"N1","弾","{""だん"",""たん""}","{""ひ.く"",""-ひ.き"",""はず.む"",""たま"",""はじ.く"",""はじ.ける"",""ただ.す"",""はじ.きゆみ""}","Bullet; Twang; Flip; Snap"
"N1","聴","{""ちょう"",""てい""}","{""き.く"",""ゆる.す""}","Listen; Headstrong; Naughty; Careful Inquiry"
"N2","跡","{""せき""}","{""あと""}","Tracks; Mark; Print; Impression"
"N1","遣","{""けん""}","{""つか.う"",""-つか.い"",""-づか.い"",""つか.わす"",""や.る""}","Dispatch; Despatch; Send; Give; Donate; Do; Undertake"
"N1","闘","{""とう""}","{""たたか.う"",""あらそ.う""}","Fight; War"
"N1","陣","{""じん""}","{}","Camp; Battle Array; Ranks; Position; Sudden; Brief Time"
"N2","香","{""こう"",""きょう""}","{""か"",""かお.り"",""かお.る""}","Incense; Smell; Perfume"
"N2","兆","{""ちょう""}","{""きざ.す"",""きざ.し""}","Portent; 10**12; Trillion; Sign; Omen; Symptoms"
"N1","臨","{""りん""}","{""のぞ.む""}","Look To; Face; Meet; Confront; Attend; Call On"
"N1","削","{""さく""}","{""けず.る"",""はつ.る"",""そ.ぐ""}","Plane; Sharpen; Whittle; Pare; Shave"
"N1","契","{""けい""}","{""ちぎ.る""}","Pledge; Promise; Vow"
"N1","恵","{""けい"",""え""}","{""めぐ.む"",""めぐ.み""}","Favor; Blessing; Grace; Kindness"
"N3","抱","{""ほう""}","{""だ.く"",""いだ.く"",""かか.える""}","Embrace; Hug; Hold In Arms"
"N1","掲","{""けい""}","{""かか.げる""}","Put Up (a Notice); Put Up; Hoist; Display; Hang Out; Publish; Describe"
"N1","葬","{""そう""}","{""ほうむ.る""}","Interment; Bury; Shelve"
"N1","需","{""じゅ""}","{}","Demand; Request; Need"
"N2","齢","{""れい""}","{""よわい"",""とし""}","Age"
"N1","宜","{""ぎ""}","{""よろ.しい"",""よろ.しく""}","Best Regards; Good"
"N1","繰","{""そう""}","{""く.る""}","Winding; Reel; Spin; Turn (pages); Look Up; Refer To"
"N1","避","{""ひ""}","{""さ.ける"",""よ.ける""}","Evade; Avoid; Avert; Ward Off; Shirk; Shun"
"N1","妊","{""にん"",""じん""}","{""はら.む"",""みごも.る""}","Pregnancy"
"N1","娠","{""しん""}","{}","With Child; Pregnancy"
"N1","致","{""ち""}","{""いた.す""}","Doth; Do; Send; Forward; Cause; Exert; Incur; Engage"
"N2","刊","{""かん""}","{}","Publish; Carve; Engrave"
"N1","奏","{""そう""}","{""かな.でる""}","Play Music; Speak To A Ruler; Complete"
"N1","伴","{""はん"",""ばん""}","{""ともな.う""}","Consort; Accompany; Bring With; Companion"
"N1","併","{""へい""}","{""あわ.せる""}","Join; Get Together; Unite; Collective"
"N2","傾","{""けい""}","{""かたむ.く"",""かたむ.ける"",""かたぶ.く"",""かた.げる"",""かし.げる""}","Lean; Incline; Tilt; Trend; Wane; Sink; Ruin; Bias"
"N1","却","{""きゃく""}","{""かえ.って"",""しりぞ.く"",""しりぞ.ける""}","Instead; On The Contrary; Rather; Step Back; Withdraw; Retreat"
"N2","奥","{""おう""}","{""おく"",""おく.まる"",""くま""}","Heart; Interior"
"N1","慮","{""りょ""}","{""おもんぱく.る"",""おもんぱか.る""}","Prudence; Thought; Concern; Consider; Deliberate; Fear"
"N1","懸","{""けん"",""け""}","{""か.ける"",""か.かる""}","State Of Suspension; Hang; Depend; Consult; Distant; Far Apart"
"N1","房","{""ぼう""}","{""ふさ""}","Tassel; Tuft; Fringe; Bunch; Lock (hair); Segment (orange); House; Room"
"N1","扱","{""そう"",""きゅう""}","{""あつか.い"",""あつか.う"",""あつか.る"",""こ.く""}","Handle; Entertain; Thresh; Strip"
"N1","抑","{""よく""}","{""おさ.える""}","Repress; Well; Now; In The First Place; Push; Shove; Press; Seal; Do In Spite Of"
"N1","択","{""たく""}","{""えら.ぶ""}","Choose; Select; Elect; Prefer"
"N1","描","{""びょう""}","{""えが.く"",""か.く""}","Sketch; Compose; Write; Draw; Paint"
"N1","盤","{""ばん""}","{}","Tray; Shallow Bowl; Platter; Tub; Board; Phonograph Record"
"N1","称","{""しょう""}","{""たた.える"",""とな.える"",""あ.げる"",""かな.う"",""はか.り"",""はか.る"",""ほめ.る""}","Appellation; Praise; Admire; Name; Title; Fame"
"N3","緒","{""しょ"",""ちょ""}","{""お"",""いとぐち""}","Thong; Beginning; Inception; End; Cord; Strap; Mental Or Emotional State"
"N1","緩","{""かん""}","{""ゆる.い"",""ゆる.やか"",""ゆる.む"",""ゆる.める""}","Slacken; Loosen; Relax; Lessen; Be Moderate; Ease"
"N1","託","{""たく""}","{""かこつ.ける"",""かこ.つ"",""かこ.つける""}","Consign; Requesting; Entrusting With; Pretend; Hint"
"N1","賄","{""わい""}","{""まかな.う""}","Bribe; Board; Supply; Finance"
"N2","贈","{""ぞう"",""そう""}","{""おく.る""}","Presents; Send; Give To; Award To; Confer On; Presenting Something"
"N3","逃","{""とう""}","{""に.げる"",""に.がす"",""のが.す"",""のが.れる""}","Escape; Flee; Shirk; Evade; Set Free"
"N1","還","{""かん""}","{""かえ.る""}","Send Back; Return"
"N2","超","{""ちょう""}","{""こ.える"",""こ.す""}","Transcend; Super-; Ultra-"
"N1","邦","{""ほう""}","{""くに""}","Home Country; Country; Japan"
"N1","鈴","{""れい"",""りん""}","{""すず""}","Small Bell; Buzzer"
"N1","岐","{""き"",""ぎ""}","{}","Branch Off; Fork In Road; Scene; Arena; Theater"
"N1","隆","{""りゅう""}","{}","Hump; High; Noble; Prosperity"
"N2","雇","{""こ""}","{""やと.う""}","Employ; Hire"
"N1","控","{""こう""}","{""ひか.える"",""ひか.え""}","Withdraw; Draw In; Hold Back; Refrain From; Be Moderate"
"N1","壁","{""へき""}","{""かべ""}","Wall; Lining (stomach); Fence"
"N1","棋","{""き""}","{""ご""}","Chess Piece; Japanese Chess; Shogi"
"N1","渋","{""じゅう"",""しゅう""}","{""しぶ"",""しぶ.い"",""しぶ.る""}","Astringent; Hesitate; Reluctant; Have Diarrhea"
"N2","片","{""へん""}","{""かた-"",""かた""}","One-sided; Leaf; Sheet; Right-side Kata Radical (no. 91)"
"N2","群","{""ぐん""}","{""む.れる"",""む.れ"",""むら"",""むら.がる""}","Flock; Group; Crowd; Herd; Swarm; Cluster"
"N1","仙","{""せん"",""せんと""}","{}","Hermit; Wizard; Cent"
"N1","充","{""じゅう""}","{""あ.てる"",""み.たす""}","Allot; Fill"
"N1","免","{""めん""}","{""まぬか.れる"",""まぬが.れる""}","Excuse; Dismissal"
"N1","勧","{""かん"",""けん""}","{""すす.める""}","Persuade; Recommend; Advise; Encourage; Offer"
"N1","圏","{""けん""}","{""かこ.い""}","Sphere; Circle; Radius; Range"
"N2","埋","{""まい""}","{""う.める"",""う.まる"",""う.もれる"",""うず.める"",""うず.まる"",""い.ける""}","Bury; Be Filled Up; Embedded"
"N1","奪","{""だつ""}","{""うば.う""}","Rob; Take By Force; Snatch Away; Dispossess; Plunder; Usurp"
"N3","御","{""ぎょ"",""ご""}","{""おん-"",""お-"",""み-""}","Honorable; Manipulate; Govern"
"N1","慎","{""しん""}","{""つつし.む"",""つつ.ましい"",""つつし"",""つつし.み""}","Humility; Be Careful; Discreet; Prudent"
"N1","拒","{""きょ"",""ご""}","{""こば.む""}","Repel; Refuse; Reject; Decline"
"N1","枠","{}","{""わく""}","Frame; Framework; Spindle; Spool; Bounding-box; (kokuji)"
"N1","甲","{""こう"",""かん""}","{""きのえ""}","Armor; High (voice); A Grade; First Class; Former; Instep; Carapace"
"N1","斐","{""ひ"",""い""}","{}","Beautiful; Patterned"
"N1","祉","{""し""}","{}","Welfare; Happiness"
"N1","稲","{""とう"",""て""}","{""いね"",""いな-""}","Rice Plant"
"N1","譲","{""じょう""}","{""ゆず.る""}","Defer; Turnover; Transfer; Convey"
"N1","謙","{""けん""}","{""へりくだ.る""}","Self-effacing; Humble Oneself; Condescend; Be Modest"
"N1","躍","{""やく""}","{""おど.る""}","Leap; Dance; Skip"
"N1","銃","{""じゅう""}","{""つつ""}","Gun; Arms"
"N1","項","{""こう""}","{""うなじ""}","Paragraph; Nape Of Neck; Clause; Item; Term (expression)"
"N1","鋼","{""こう""}","{""はがね""}","Steel"
"N1","顧","{""こ""}","{""かえり.みる""}","Look Back; Review; Examine Oneself; Turn Around"
"N2","駐","{""ちゅう""}","{}","Stop-over; Reside In; Resident"
"N1","駆","{""く""}","{""か.ける"",""か.る""}","Drive; Run; Gallop; Advance; Inspire; Impel"
"N2","柱","{""ちゅう""}","{""はしら""}","Pillar; Post; Cylinder; Support"
"N1","唱","{""しょう""}","{""とな.える""}","Chant; Recite; Call Upon; Yell"
"N1","俊","{""しゅん""}","{}","Sagacious; Genius; Excellence"
"N1","兼","{""けん""}","{""か.ねる"",""-か.ねる""}","Concurrently; And; Beforehand; In Advance"
"N1","剤","{""ざい"",""すい"",""せい""}","{""かる"",""けず.る""}","Dose; Medicine; Drug"
"N3","吹","{""すい""}","{""ふ.く""}","Blow; Breathe; Puff; Emit; Smoke"
"N1","堀","{""くつ""}","{""ほり""}","Ditch; Moat; Canal"
"N1","巡","{""じゅん""}","{""めぐ.る"",""めぐ.り""}","Patrol; Go Around; Circumference"
"N1","戒","{""かい""}","{""いまし.める""}","Commandment"
"N1","排","{""はい""}","{}","Repudiate; Exclude; Expel; Reject; Line Up; Arrange"
"N1","携","{""けい""}","{""たずさ.える"",""たずさ.わる""}","Portable; Carry (in Hand); Armed With; Bring Along"
"N1","敏","{""びん""}","{""さとい""}","Cleverness; Agile; Alert"
"N2","鋭","{""えい""}","{""するど.い""}","Pointed; Sharpness; Edge; Weapon; Sharp; Violent"
"N1","敷","{""ふ""}","{""し.く"",""-し.き""}","Spread; Pave; Sit; Promulgate"
"N2","殿","{""でん"",""てん""}","{""との"",""-どの""}","Mr.; Hall; Mansion; Palace; Temple; Lord"
"N1","犠","{""ぎ"",""き""}","{""いけにえ""}","Sacrifice"
"N1","獲","{""かく""}","{""え.る""}","Seize; Get; Find; Earn; Acquire; Can; May; Able To"
"N1","茂","{""も""}","{""しげ.る""}","Overgrown; Grow Thick; Be Luxuriant"
"N1","繁","{""はん""}","{""しげ.る"",""しげ.く""}","Luxuriant; Thick; Overgrown; Frequency; Complexity; Trouble"
"N1","頻","{""ひん""}","{""しき.りに""}","Repeatedly; Recur"
"N1","殖","{""しょく""}","{""ふ.える"",""ふ.やす""}","Augment; Increase; Multiply; Raise"
"N2","薄","{""はく""}","{""うす.い"",""うす-"",""-うす"",""うす.める"",""うす.まる"",""うす.らぐ"",""うす.ら-"",""うす.れる"",""すすき""}","Dilute; Thin; Weak (tea); Pampas Grass"
"N1","衝","{""しょう""}","{""つ.く""}","Collide; Brunt; Highway; Opposition (astronomy); Thrust; Pierce; Stab; Prick"
"N1","誉","{""よ""}","{""ほま.れ"",""ほ.める""}","Reputation; Praise; Honor; Glory"
"N1","褒","{""ほう""}","{""ほ.める""}","Praise; Extol"
"N1","透","{""とう""}","{""す.く"",""す.かす"",""す.ける"",""とう.る"",""とう.す""}","Transparent; Permeate; Filter; Penetrate"
"N1","隣","{""りん""}","{""とな.る"",""となり""}","Neighboring"
"N1","雅","{""が""}","{""みや.び""}","Gracious; Elegant; Graceful; Refined"
"N2","伺","{""し""}","{""うかが.う""}","Pay Respects; Visit; Ask; Inquire; Question; Implore"
"N1","徹","{""てつ""}","{}","Penetrate; Clear; Pierce; Strike Home; Sit Up (all Night)"
"N1","瀬","{""らい""}","{""せ""}","Rapids; Current; Torrent; Shallows; Shoal"
"N1","撤","{""てつ""}","{}","Remove; Withdraw; Disarm; Dismantle; Reject; Exclude"
"N1","措","{""そ""}","{""お.く""}","Set Aside; Give Up; Suspend; Discontinue; Lay Aside; Except"
"N1","拠","{""きょ"",""こ""}","{""よ.る""}","Foothold; Based On; Follow; Therefore"
"N1","儀","{""ぎ""}","{}","Ceremony; Rule; Affair; Case; A Matter"
"N1","樹","{""じゅ""}","{""き""}","Timber; Trees; Wood; Establish; Set Up"
"N1","棄","{""き""}","{""す.てる""}","Abandon; Throw Away; Discard; Resign; Reject; Sacrifice"
"N1","虎","{""こ""}","{""とら""}","Tiger; Drunkard"
"N1","蛍","{""けい""}","{""ほたる""}","Lightning-bug; Firefly"
"N1","艦","{""かん""}","{}","Warship"
"N1","潜","{""せん""}","{""ひそ.む"",""もぐ.る"",""かく.れる"",""くぐ.る"",""ひそ.める""}","Submerge; Conceal; Hide; Lower (voice); Hush"
"N1","拳","{""けん"",""げん""}","{""こぶし""}","Fist"
"N2","炭","{""たん""}","{""すみ""}","Charcoal; Coal"
"N2","包","{""ほう""}","{""つつ.む"",""くる.む""}","Wrap; Pack Up; Cover; Conceal"
"N2","衣","{""い"",""え""}","{""ころも"",""きぬ"",""-ぎ""}","Garment; Clothes; Dressing"
"N1","仁","{""じん"",""に"",""にん""}","{}","Humanity; Virtue; Benevolence; Charity; Man; Kernel"
"N2","鉱","{""こう""}","{""あらがね""}","Mineral; Ore"
"N1","至","{""し""}","{""いた.る""}","Climax; Arrive; Proceed; Reach; Attain; Result In"
"N1","誠","{""せい""}","{""まこと""}","Sincerity; Admonish; Warn; Prohibit; Truth; Fidelity"
"N1","郷","{""きょう"",""ごう""}","{""さと""}","Home Town; Village; Native Place; District"
"N1","侵","{""しん""}","{""おか.す""}","Encroach; Invade; Raid; Trespass; Violate"
"N1","偽","{""ぎ"",""か""}","{""いつわ.る"",""にせ"",""いつわ.り""}","Falsehood; Lie; Deceive; Pretend; Counterfeit; Forgery"
"N1","克","{""こく""}","{""か.つ""}","Overcome; Kindly; Skillfully"
"N3","到","{""とう""}","{""いた.る""}","Arrival; Proceed; Reach; Attain; Result In"
"N2","双","{""そう""}","{""ふた"",""たぐい"",""ならぶ"",""ふたつ""}","Pair; Set; Comparison; Counter For Pairs"
"N1","哲","{""てつ""}","{""さとい"",""あきらか""}","Philosophy; Clear"
"N1","喪","{""そう""}","{""も""}","Miss; Mourning"
"N1","堅","{""けん""}","{""かた.い"",""-がた.い""}","Strict; Hard; Solid; Tough; Tight; Reliable"
"N2","床","{""しょう""}","{""とこ"",""ゆか""}","Bed; Counter For Beds; Floor; Padding; Tatami"
"N1","括","{""かつ""}","{""くく.る""}","Fasten; Tie Up; Arrest; Constrict"
"N1","弧","{""こ""}","{}","Arc; Arch; Bow"
"N1","挑","{""ちょう""}","{""いど.む""}","Challenge; Contend For; Make Love To"
"N2","掘","{""くつ""}","{""ほ.る""}","Dig; Delve; Excavate"
"N1","揚","{""よう""}","{""あ.げる"",""-あ.げ"",""あ.がる""}","Raise; Elevate; Hoist; Praise; Extol; Fry In Deep Fat"
"N1","握","{""あく""}","{""にぎ.る""}","Grip; Hold; Mould Sushi; Bribe"
"N1","揺","{""よう""}","{""ゆ.れる"",""ゆ.る"",""ゆ.らぐ"",""ゆ.るぐ"",""ゆ.する"",""ゆ.さぶる"",""ゆ.すぶる"",""うご.く""}","Swing; Shake; Sway; Rock; Tremble; Vibrate"
"N1","斎","{""さい""}","{""とき"",""つつし.む"",""ものいみ"",""い.む"",""いわ.う"",""いつ.く""}","Purification; Buddhist Food; Room; Worship; Avoid; Alike"
"N1","暫","{""ざん""}","{""しばら.く""}","Temporarily; A While; Moment; Long Time"
"N1","析","{""せき""}","{}","Chop; Divide; Tear; Analyze"
"N1","枢","{""すう"",""しゅ""}","{""とぼそ"",""からくり""}","Hinge; Pivot; Door"
"N1","軸","{""じく""}","{}","Axis; Pivot; Stem; Stalk; Counter For Book Scrolls"
"N1","柄","{""へい""}","{""がら"",""え"",""つか""}","Design; Pattern; Build; Nature; Character; Handle; Crank; Grip; Knob; Shaft"
"N2","泊","{""はく""}","{""と.まる"",""と.める""}","Overnight Stay; Put Up At; Ride At Anchor"
"N1","滑","{""かつ"",""こつ""}","{""すべ.る"",""なめ.らか""}","Slippery; Slide; Slip; Flunk"
"N1","潟","{""せき""}","{""かた"",""-がた""}","Lagoon"
"N1","焦","{""しょう""}","{""こ.げる"",""こ.がす"",""こ.がれる"",""あせ.る""}","Char; Hurry; Impatient; Irritate; Burn; Scorch; Singe"
"N1","範","{""はん""}","{}","Pattern; Example; Model"
"N1","紛","{""ふん""}","{""まぎ.れる"",""-まぎ.れ"",""まぎ.らす"",""まぎ.らわす"",""まぎ.らわしい""}","Distract; Be Mistaken For; Go Astray; Divert"
"N1","糾","{""きゅう""}","{""ただ.す""}","Twist; Ask; Investigate; Verify"
"N1","綱","{""こう""}","{""つな""}","Hawser; Class (genus); Rope; Cord; Cable"
"N1","網","{""もう""}","{""あみ""}","Netting; Network"
"N1","肝","{""かん""}","{""きも""}","Liver; Pluck; Nerve; Chutzpah"
"N1","芝","{""し""}","{""しば""}","Turf; Lawn"
"N2","荒","{""こう""}","{""あら.い"",""あら-"",""あ.れる"",""あ.らす"",""-あ.らし"",""すさ.む""}","Laid Waste; Rough; Rude; Wild"
"N2","袋","{""たい"",""だい""}","{""ふくろ""}","Sack; Bag; Pouch"
"N2","珍","{""ちん""}","{""めずら.しい"",""たから""}","Rare; Curious; Strange"
"N1","裂","{""れつ""}","{""さ.く"",""さ.ける"",""-ぎ.れ""}","Split; Rend; Tear"
"N1","襲","{""しゅう""}","{""おそ.う"",""かさ.ね""}","Attack; Advance On; Succeed To; Pile; Heap"
"N1","貢","{""こう"",""く""}","{""みつ.ぐ""}","Tribute; Support; Finance"
"N1","趣","{""しゅ""}","{""おもむき"",""おもむ.く""}","Purport; Gist; Elegance; Interest; Proceed To; Tend; Become"
"N1","距","{""きょ""}","{""へだ.たる"",""けづめ""}","Long-distance; Spur; Fetlock"
"N2","籍","{""せき""}","{}","Enroll; Domiciliary Register; Membership"
"N1","露","{""ろ"",""ろう""}","{""つゆ""}","Dew; Tears; Expose; Russia"
"N1","牧","{""ぼく""}","{""まき""}","Breed; Care For; Shepherd; Feed; Pasture"
"N2","刷","{""さつ""}","{""す.る"",""-ず.り"",""-ずり"",""は.く""}","Printing; Print; Brush"
"N1","朗","{""ろう""}","{""ほが.らか"",""あき.らか""}","Melodious; Clear; Bright; Serene; Cheerful"
"N1","潮","{""ちょう""}","{""しお"",""うしお""}","Tide; Salt Water; Opportunity"
"N1","即","{""そく""}","{""つ.く"",""つ.ける"",""すなわ.ち""}","Instant; Namely; As Is; Conform; Agree; Adapt"
"N1","垣","{""えん""}","{""かき""}","Hedge; Fence; Wall"
"N1","威","{""い""}","{""おど.す"",""おど.し"",""おど.かす""}","Intimidate; Dignity; Majesty; Menace; Threaten"
"N2","封","{""ふう"",""ほう""}","{}","Seal; Closing"
"N2","筒","{""とう""}","{""つつ""}","Cylinder; Pipe; Tube; Gun Barrel; Sleeve"
"N1","岳","{""がく""}","{""たけ""}","Point; Peak; Mountain"
"N1","慰","{""い""}","{""なぐさ.める"",""なぐさ.む""}","Consolation; Amusement; Seduce; Cheer; Make Sport Of; Comfort; Console"
"N1","懇","{""こん""}","{""ねんご.ろ""}","Sociable; Kind; Courteous; Hospitable; Cordial"
"N1","懲","{""ちょう""}","{""こ.りる"",""こ.らす"",""こ.らしめる""}","Penal; Chastise; Punish; Discipline"
"N1","摩","{""ま""}","{""ま.する"",""さす.る"",""す.る""}","Chafe; Rub; Polish; Grind; Scrape"
"N1","擦","{""さつ""}","{""す.る"",""す.れる"",""-ず.れ"",""こす.る"",""こす.れる""}","Grate; Rub; Scratch; Scrape; Chafe; Scour"
"N1","撲","{""ぼく""}","{}","Slap; Strike; Hit; Beat; Tell; Speak"
"N1","斉","{""せい"",""さい""}","{""そろ.う"",""ひと.しい"",""ひと.しく"",""あたる"",""はやい""}","Adjusted; Alike; Equal; Similar Variety Of"
"N1","旨","{""し""}","{""むね"",""うま.い""}","Delicious; Relish; Show A Liking For; Purport; Will; Clever; Expert"
"N2","柔","{""じゅう"",""にゅう""}","{""やわ.らか"",""やわ.らかい"",""やわ"",""やわ.ら""}","Tender; Weakness; Gentleness; Softness"
"N2","沈","{""ちん"",""じん""}","{""しず.む"",""しず.める""}","Sink; Be Submerged; Subside; Be Depressed; Aloes"
"N1","沼","{""しょう""}","{""ぬま""}","Marsh; Lake; Bog; Swamp; Pond"
"N1","泰","{""たい""}","{}","Peaceful; Calm; Peace; Easy; Thailand; Extreme; Excessive; Great"
"N1","滅","{""めつ""}","{""ほろ.びる"",""ほろ.ぶ"",""ほろ.ぼす""}","Destroy; Ruin; Overthrow; Perish"
"N1","滋","{""じ"",""し""}","{}","Nourishing; More & More; Be Luxuriant; Planting; Turbidity"
"N1","炉","{""ろ""}","{""いろり""}","Hearth; Furnace; Kiln; Reactor"
"N1","琴","{""きん"",""ごん""}","{""こと""}","Harp; Koto"
"N1","寸","{""すん""}","{}","Measurement; Tenth Of A Shaku; A Little; Small"
"N1","竜","{""りゅう"",""りょう"",""ろう""}","{""たつ"",""いせ""}","Dragon; Imperial"
"N1","縁","{""えん"",""-ねん""}","{""ふち"",""ふちど.る"",""ゆかり"",""よすが"",""へり"",""えにし""}","Affinity; Relation; Connection; Edge; Border; Verge; Brink"
"N1","翼","{""よく""}","{""つばさ""}","Wing; Plane; Flank"
"N1","吉","{""きち"",""きつ""}","{""よし""}","Good Luck; Joy; Congratulations"
"N1","刃","{""じん"",""にん""}","{""は"",""やいば"",""き.る""}","Blade; Sword; Edge"
"N1","忍","{""にん""}","{""しの.ぶ"",""しの.ばせる""}","Endure; Bear; Put Up With; Conceal; Secrete; Spy; Sneak"
"N1","桃","{""とう""}","{""もも""}","Peach"
"N2","辛","{""しん""}","{""から.い"",""つら.い"",""-づら.い"",""かのと""}","Spicy; Bitter; Hot; Acrid"
"N1","侍","{""じ"",""し""}","{""さむらい"",""はべ.る""}","Waiter; Samurai; Wait Upon; Serve"
"N1","娯","{""ご""}","{}","Recreation; Pleasure"
"N1","斗","{""と"",""とう""}","{}","Big Dipper; Ten Sho (vol); Sake Dipper; Dots And Cross Radical (no. 68)"
"N1","朱","{""しゅ""}","{""あけ""}","Vermilion; Cinnabar; Scarlet; Red; Bloody"
"N1","丘","{""きゅう""}","{""おか""}","Hill; Knoll"
"N1","梨","{""り""}","{""なし""}","Pear Tree"
"N1","僕","{""ぼく""}","{""しもべ""}","Me; I (male); Servant; Manservant"
"N2","匹","{""ひつ""}","{""ひき""}","Equal; Head; Counter For Small Animals; Roll Of Cloth"
"N2","叫","{""きょう""}","{""さけ.ぶ""}","Shout; Exclaim; Yell"
"N1","釣","{""ちょう""}","{""つ.る"",""つ.り"",""つ.り-""}","Angling; Fish; Catch; Allure; Ensnare"
"N3","髪","{""はつ""}","{""かみ""}","Hair Of The Head"
"N1","嵐","{""らん""}","{""あらし""}","Storm; Tempest"
"N2","涙","{""るい"",""れい""}","{""なみだ""}","Tears; Sympathy"
"N2","缶","{""かん""}","{""かま""}","Tin Can; Container; Jar Radical (no. 121)"
"N1","姫","{""き""}","{""ひめ"",""ひめ-""}","Princess"
"N1","棚","{""ほう""}","{""たな"",""-だな""}","Shelf; Ledge; Rack; Mount; Mantle; Trellis"
"N2","粒","{""りゅう""}","{""つぶ""}","Grains; Drop; Counter For Tiny Particles"
"N1","砲","{""ほう""}","{}","Cannon; Gun"
"N1","雷","{""らい""}","{""かみなり"",""いかずち"",""いかづち""}","Thunder; Lightning Bolt"
"N1","芽","{""が""}","{""め""}","Bud; Sprout; Spear; Germ"
"N2","塔","{""とう""}","{}","Pagoda; Tower; Steeple"
"N1","澄","{""ちょう""}","{""す.む"",""す.ます"",""-す.ます""}","Lucidity; Be Clear; Clear; Clarify; Settle; Strain; Look Grave"
"N1","矛","{""む"",""ぼう""}","{""ほこ""}","Halberd; Arms; Festival Float"
"N2","肌","{""き""}","{""はだ""}","Texture; Skin; Body; Grain"
"N2","舟","{""しゅう""}","{""ふね"",""ふな-"",""-ぶね""}","Boat; Ship"
"N1","鐘","{""しょう""}","{""かね""}","Bell; Gong; Chimes"
"N1","凶","{""きょう""}","{}","Villain; Evil; Bad Luck; Disaster"
"N1","塊","{""かい"",""け""}","{""かたまり"",""つちくれ""}","Clod; Lump; Chunk; Clot; Mass"
"N1","狩","{""しゅ""}","{""か.る"",""か.り"",""-が.り""}","Hunt; Raid; Gather"
"N1","魂","{""こん""}","{""たましい"",""たま""}","Soul; Spirit"
"N1","脚","{""きゃく"",""きゃ"",""かく""}","{""あし""}","Skids; Leg; Undercarriage; Lower Part; Base"
"N1","也","{""や"",""え""}","{""なり"",""か"",""また""}","To Be (classical)"
"N1","井","{""せい"",""しょう""}","{""い""}","Well; Well Crib; Town; Community"
"N1","嬢","{""じょう""}","{""むすめ""}","Lass; Girl; Miss; Daughter"
"N1","暦","{""れき"",""りゃく""}","{""こよみ""}","Calendar; Almanac"
"N2","曇","{""どん""}","{""くも.る""}","Cloudy Weather; Cloud Up"
"N1","眺","{""ちょう""}","{""なが.める""}","Stare; Watch; Look At; See; Scrutinize"
"N1","裸","{""ら""}","{""はだか""}","Naked; Nude; Uncovered; Partially Clothed"
"N3","疲","{""ひ""}","{""つか.れる"",""-づか.れ"",""つか.らす""}","Exhausted; Tire; Weary"
"N1","塾","{""じゅく""}","{}","Cram School; Private School"
"N1","卓","{""たく""}","{}","Eminent; Table; Desk; High"
"N2","磨","{""ま""}","{""みが.く"",""す.る""}","Grind; Polish; Scour; Improve; Brush (teeth)"
"N1","菌","{""きん""}","{}","Germ; Fungus; Bacteria"
"N1","陰","{""いん""}","{""かげ"",""かげ.る""}","Shade; Yin; Negative; Sex Organs; Secret; Shadow"
"N1","霊","{""れい"",""りょう""}","{""たま""}","Spirits; Soul"
"N2","湿","{""しつ"",""しゅう""}","{""しめ.る"",""しめ.す"",""うるお.う"",""うるお.す""}","Damp; Wet; Moist"
"N2","硬","{""こう""}","{""かた.い""}","Stiff; Hard"
"N1","稼","{""か""}","{""かせ.ぐ""}","Earnings; Work; Earn Money"
"N1","嫁","{""か""}","{""よめ"",""とつ.ぐ"",""い.く"",""ゆ.く""}","Marry Into; Bride"
"N1","溝","{""こう""}","{""みぞ""}","Gutter; Ditch; Sewer; Drain; 10**32"
"N1","滝","{""ろう"",""そう""}","{""たき""}","Waterfall; Rapids; Cascade"
"N1","狂","{""きょう""}","{""くる.う"",""くる.おしい"",""くるお.しい""}","Lunatic; Insane; Crazy; Confuse"
"N1","翔","{""しょう""}","{""かけ.る"",""と.ぶ""}","Soar; Fly"
"N1","墨","{""ぼく""}","{""すみ""}","Black Ink; India Ink; Ink Stick; Mexico"
"N1","鳩","{""きゅう"",""く""}","{""はと"",""あつ.める""}","Pigeon; Dove"
"N1","穏","{""おん""}","{""おだ.やか""}","Calm; Quiet; Moderation"
"N2","鈍","{""どん""}","{""にぶ.い"",""にぶ.る"",""にぶ-"",""なま.る"",""なまく.ら""}","Dull; Slow; Foolish; Blunt"
"N1","魔","{""ま""}","{}","Witch; Demon; Evil Spirit"
"N1","寮","{""りょう""}","{}","Dormitory; Hostel; Villa; Tea Pavillion"
"N1","盆","{""ぼん""}","{}","Basin; Lantern Festival; Tray"
"N1","棟","{""とう""}","{""むね"",""むな-""}","Ridgepole; Ridge"
"N1","寧","{""ねい""}","{""むし.ろ""}","Rather; Preferably; Peaceful; Quiet; Tranquility"
"N3","歳","{""さい"",""せい""}","{""とし"",""とせ"",""よわい""}","Year-end; Age; Occasion; Opportunity"
"N2","涼","{""りょう""}","{""すず.しい"",""すず.む"",""すず.やか"",""うす.い"",""ひや.す"",""まことに""}","Refreshing; Nice And Cool"
"N1","猿","{""えん""}","{""さる""}","Monkey"
"N1","瞳","{""どう"",""とう""}","{""ひとみ""}","Pupil (of Eye)"
"N2","零","{""れい""}","{""ぜろ"",""こぼ.す"",""こぼ.れる""}","Zero; Spill; Overflow; Nothing; Cipher"
"N1","碁","{""ご""}","{}","Go"
"N1","租","{""そ""}","{}","Tariff; Crop Tax; Borrowing"
"N1","幽","{""ゆう""}","{""ふか.い"",""かす.か"",""くら.い"",""しろ.い""}","Seclude; Confine To A Room; Deep; Profound; Secluded; Faint; Dark; Tranquil; Calm"
"N1","泡","{""ほう""}","{""あわ""}","Bubbles; Foam; Suds; Froth"
"N1","癖","{""へき""}","{""くせ"",""くせ.に""}","Mannerism; Habit; Vice; Trait; Fault; Kink"
"N1","鍛","{""たん""}","{""きた.える""}","Forge; Discipline; Train"
"N1","錬","{""れん""}","{""ね.る""}","Tempering; Refine; Drill; Train; Polish"
"N1","穂","{""すい""}","{""ほ""}","Ear; Ear (grain); Head; Crest (wave)"
"N1","帝","{""てい""}","{""みかど""}","Sovereign; The Emperor; God; Creator"
"N1","瞬","{""しゅん""}","{""またた.く"",""まじろ.ぐ""}","Wink; Blink; Twinkle"
"N1","菊","{""きく""}","{}","Chrysanthemum"
"N1","誇","{""こ""}","{""ほこ.る""}","Boast; Be Proud; Pride; Triumphantly"
"N1","庄","{""しょう"",""そ"",""そう"",""ほう""}","{}","Level; In The Country; Manor; Village; Hamlet"
"N1","阻","{""そ""}","{""はば.む""}","Thwart; Separate From; Prevent; Obstruct; Deter; Impede"
"N1","黙","{""もく"",""ぼく""}","{""だま.る"",""もだ.す""}","Silence; Become Silent; Stop Speaking; Leave As Is"
"N1","俵","{""ひょう""}","{""たわら""}","Bag; Bale; Sack; Counter For Bags"
"N2","綿","{""めん""}","{""わた""}","Cotton"
"N1","架","{""か""}","{""か.ける"",""か.かる""}","Erect; Frame; Mount; Support; Shelf; Construct"
"N1","砕","{""さい""}","{""くだ.く"",""くだ.ける""}","Smash; Break; Crush; Familiar; Popular"
"N1","粘","{""ねん""}","{""ねば.る""}","Sticky; Glutinous; Greasy; Persevere"
"N1","欺","{""ぎ""}","{""あざむ.く""}","Deceit; Cheat; Delude"
"N1","詐","{""さ""}","{""いつわ.る""}","Lie; Falsehood; Deceive; Pretend"
"N1","霧","{""む"",""ぼう"",""ぶ""}","{""きり""}","Fog; Mist"
"N1","柳","{""りゅう""}","{""やなぎ""}","Willow"
"N1","伊","{""い""}","{""かれ""}","Italy; That One"
"N1","佐","{""さ""}","{}","Assistant; Help"
"N1","尺","{""しゃく""}","{}","Shaku; Japanese Foot; Measure; Scale; Rule"
"N1","哀","{""あい""}","{""あわ.れ"",""あわ.れむ"",""かな.しい""}","Pathetic; Grief; Sorrow; Pathos; Pity; Sympathize"
"N1","唇","{""しん""}","{""くちびる""}","Lips"
"N1","塀","{""へい"",""べい""}","{}","Fence; Wall; (kokuji)"
"N1","墜","{""つい""}","{""お.ちる"",""お.つ""}","Crash; Fall (down)"
"N1","如","{""じょ"",""にょ""}","{""ごと.し""}","Likeness; Like; Such As; As If; Better; Best; Equal"
"N1","婆","{""ば""}","{""ばば"",""ばあ""}","Old Woman; Grandma; Wet Nurse"
"N2","帽","{""ぼう"",""もう""}","{""ずきん"",""おお.う""}","Cap; Headgear"
"N1","幣","{""へい""}","{""ぬさ""}","Cash; Bad Habit; Humble Prefix; Gift; Shinto Offerings Of Cloth; Rope; Cut Paper"
"N1","恨","{""こん""}","{""うら.む"",""うら.めしい""}","Regret; Bear A Grudge; Resentment; Malice; Hatred"
"N2","憎","{""ぞう""}","{""にく.む"",""にく.い"",""にく.らしい"",""にく.しみ""}","Hate; Detest"
"N1","憩","{""けい""}","{""いこ.い"",""いこ.う""}","Recess; Rest; Relax; Repose"
"N1","扇","{""せん""}","{""おうぎ""}","Fan; Folding Fan"
"N1","扉","{""ひ""}","{""とびら""}","Front Door; Title Page; Front Page"
"N1","挿","{""そう""}","{""さ.す"",""はさ.む""}","Insert; Put In; Graft; Wear (sword)"
"N1","掌","{""しょう""}","{""てのひら"",""たなごころ""}","Manipulate; Rule; Administer; Conduct; Palm Of Hand"
"N2","滴","{""てき""}","{""しずく"",""したた.る""}","Drip; Drop"
"N1","炊","{""すい""}","{""た.く"",""-だ.き""}","Cook; Boil"
"N1","爽","{""そう""}","{""あき.らか"",""さわ.やか"",""たがう""}","Refreshing; Bracing; Resonant; Sweet; Clear"
"N2","畳","{""じょう"",""ちょう""}","{""たた.む"",""たたみ"",""かさ.なる""}","Tatami Mat; Counter For Tatami Mats; Fold; Shut Up; Do Away With"
"N1","瞭","{""りょう""}","{""あきらか""}","Clear"
"N1","胴","{""どう""}","{}","Trunk; Torso; Hull (ship); Hub Of Wheel"
"N1","虹","{""こう""}","{""にじ""}","Rainbow"
"N1","帳","{""ちょう""}","{""とばり""}","Notebook; Account Book; Album; Curtain; Veil; Net; Tent"
"N1","蚊","{""ぶん""}","{""か""}","Mosquito"
"N1","蛇","{""じゃ"",""だ"",""い"",""や""}","{""へび""}","Snake; Serpent; Hard Drinker"
"N1","辱","{""じょく""}","{""はずかし.める""}","Embarrass; Humiliate; Shame"
"N1","鉢","{""はち"",""はつ""}","{}","Bowl; Rice Tub; Pot; Crown"
"N1","霜","{""そう""}","{""しも""}","Frost"
"N1","飢","{""き""}","{""う.える""}","Hungry; Starve"
"N1","餓","{""が""}","{""う.える""}","Starve; Hungry; Thirst"
"N2","畜","{""ちく""}","{}","Livestock; Domestic Fowl And Animals"
"N1","迅","{""じん""}","{}","Swift; Fast"
"N1","騎","{""き""}","{}","Equestrian; Riding On Horses; Counter For Equestrians"
"N1","蓄","{""ちく""}","{""たくわ.える""}","Amass; Raise; Hoard; Store"
"N1","尽","{""じん"",""さん""}","{""つ.くす"",""-つ.くす"",""-づ.くし"",""-つ.く"",""-づ.く"",""-ず.く"",""つ.きる"",""つ.かす"",""さかづき"",""ことごと.く"",""つか"",""つき""}","Exhaust; Use Up; Run Out Of; Deplete; Befriend; Serve"
"N1","彩","{""さい""}","{""いろど.る""}","Coloring; Paint; Makeup"
"N1","憶","{""おく""}","{}","Recollection; Think; Remember"
"N2","溶","{""よう""}","{""と.ける"",""と.かす"",""と.く""}","Melt; Dissolve; Thaw"
"N1","耐","{""たい""}","{""た.える""}","-proof; Enduring"
"N2","踊","{""よう""}","{""おど.る""}","Jump; Dance; Leap; Skip"
"N2","賢","{""けん""}","{""かしこ.い""}","Intelligent; Wise; Wisdom; Cleverness"
"N1","輝","{""き""}","{""かがや.く""}","Radiance; Shine; Sparkle; Gleam; Twinkle"
"N1","脅","{""きょう""}","{""おびや.かす"",""おど.す"",""おど.かす""}","Threaten; Coerce"
"N1","麻","{""ま"",""まあ""}","{""あさ""}","Hemp; Flax; Numb"
"N2","灯","{""とう""}","{""ひ"",""ほ-"",""ともしび"",""とも.す"",""あかり""}","Lamp; A Light; Light; Counter For Lights"
"N2","咲","{""しょう""}","{""さ.く"",""-ざき""}","Blossom; Bloom"
"N1","培","{""ばい""}","{""つちか.う""}","Cultivate; Foster"
"N1","悔","{""かい""}","{""く.いる"",""く.やむ"",""くや.しい""}","Repent; Regret"
"N1","遂","{""すい""}","{""と.げる"",""つい.に""}","Consummate; Accomplish; Attain; Commit (suicide)"
"N1","班","{""はん""}","{}","Squad; Corps; Unit; Group"
"N2","塗","{""と""}","{""ぬ.る"",""ぬ.り"",""まみ.れる""}","Paint; Plaster; Daub; Smear; Coating"
"N1","斜","{""しゃ""}","{""なな.め"",""はす""}","Diagonal; Slanting; Oblique"
"N1","殴","{""おう""}","{""なぐ.る""}","Assault; Hit; Beat; Thrash"
"N1","盾","{""じゅん""}","{""たて""}","Shield; Escutcheon; Pretext"
"N1","穫","{""かく""}","{}","Harvest; Reap"
"N1","駒","{""く""}","{""こま""}","Pony; Horse; Colt"
"N1","紫","{""し""}","{""むらさき""}","Purple; Violet"
"N1","抽","{""ちゅう""}","{""ひき-""}","Pluck; Pull; Extract; Excel"
"N1","誓","{""せい""}","{""ちか.う""}","Vow; Swear; Pledge"
"N1","悟","{""ご""}","{""さと.る""}","Enlightenment; Perceive; Discern; Realize; Understand"
"N1","拓","{""たく""}","{""ひら.く""}","Clear (the Land); Open; Break Up (land)"
"N1","拘","{""こう""}","{""かか.わる""}","Arrest; Seize; Concerned; Adhere To; Despite"
"N1","礎","{""そ""}","{""いしずえ""}","Cornerstone; Foundation Stone"
"N1","鶴","{""かく""}","{""つる""}","Crane; Stork"
"N1","刈","{""がい"",""かい""}","{""か.る""}","Reap; Cut; Clip; Trim; Prune"
"N1","剛","{""ごう""}","{}","Sturdy; Strength"
"N1","唯","{""ゆい"",""い""}","{""ただ""}","Solely; Only; Merely; Simply"
"N1","壇","{""だん"",""たん""}","{}","Podium; Stage; Rostrum; Terrace"
"N1","尼","{""に""}","{""あま""}","Nun"
"N1","概","{""がい""}","{""おおむ.ね""}","Outline; Condition; Approximation; Generally"
"N1","浸","{""しん""}","{""ひた.す"",""ひた.る"",""つ.かる""}","Immersed; Soak; Dip; Steep; Moisten; Wet; Dunk"
"N1","淡","{""たん""}","{""あわ.い""}","Thin; Faint; Pale; Fleeting"
"N1","煮","{""しゃ""}","{""に.る"",""-に"",""に.える"",""に.やす""}","Boil; Cook"
"N1","覆","{""ふく""}","{""おお.う"",""くつがえ.す"",""くつがえ.る""}","Capsize; Cover; Shade; Mantle; Be Ruined"
"N1","謀","{""ぼう"",""む""}","{""はか.る"",""たばか.る"",""はかりごと""}","Conspire; Cheat; Impose On; Plan; Devise; Scheme; Have In Mind; Deceive"
"N1","陶","{""とう""}","{""すえ""}","Pottery; Porcelain"
"N1","隔","{""かく""}","{""へだ.てる"",""へだ.たる""}","Isolate; Alternate; Distance; Separate; Gulf"
"N1","征","{""せい""}","{}","Subjugate; Attack The Rebellious; Collect Taxes"
"N1","陛","{""へい""}","{}","Highness; Steps (of Throne)"
"N1","俗","{""ぞく""}","{}","Vulgar; Customs; Manners; Worldliness; Mundane Things"
"N1","桑","{""そう""}","{""くわ""}","Mulberry"
"N1","潤","{""じゅん""}","{""うるお.う"",""うるお.す"",""うる.む""}","Wet; Be Watered; Profit By; Receive Benefits; Favor; Charm; Steep"
"N1","珠","{""しゅ""}","{""たま""}","Pearl; Gem; Jewel"
"N1","衰","{""すい""}","{""おとろ.える""}","Decline; Wane; Weaken"
"N1","奨","{""しょう"",""そう""}","{""すす.める""}","Exhort; Urge; Encourage"
"N1","劣","{""れつ""}","{""おと.る""}","Inferiority; Be Inferior To; Be Worse"
"N1","勘","{""かん""}","{}","Intuition; Perception; Check; Compare; Sixth Sense"
"N1","妃","{""ひ""}","{""きさき""}","Queen; Princess"
"N1","峰","{""ほう""}","{""みね"",""ね""}","Summit; Peak"
"N1","巧","{""こう""}","{""たく.み"",""たく.む"",""うま.い""}","Adroit; Skilled; Ingenuity"
"N1","邪","{""じゃ""}","{""よこし.ま""}","Wicked; Injustice; Wrong"
"N1","駄","{""だ"",""た""}","{}","Burdensome; Pack Horse; Horse Load; Send By Horse; Trivial; Worthless"
"N1","廷","{""てい""}","{}","Courts; Imperial Court; Government Office"
"N1","簿","{""ぼ""}","{}","Register; Record Book"
"N1","彰","{""しょう""}","{}","Patent; Clear"
"N1","漫","{""まん""}","{""みだり.に"",""そぞ.ろ""}","Cartoon; Involuntarily; Unrestrained; In Spite Of Oneself; Corrupt"
"N1","訂","{""てい""}","{""ただ.す""}","Revise; Correct; Decide"
"N1","諮","{""し""}","{""はか.る""}","Consult With"
"N1","銘","{""めい""}","{}","Inscription; Signature (of Artisan)"
"N1","堤","{""てい""}","{""つつみ""}","Dike; Bank; Embankment"
"N1","漂","{""ひょう""}","{""ただよ.う""}","Drift; Float (on Liquid)"
"N1","翻","{""ほん"",""はん""}","{""ひるがえ.る"",""ひるがえ.す""}","Flip; Turn Over; Wave; Flutter; Change (mind)"
"N1","軌","{""き""}","{}","Rut; Wheel; Track; Model; Way Of Doing"
"N1","后","{""こう"",""ご""}","{""きさき""}","Empress; Queen; After; Behind; Back; Later"
"N1","奮","{""ふん""}","{""ふる.う""}","Stirred Up; Be Invigorated; Flourish"
"N1","亭","{""てい"",""ちん""}","{}","Pavilion; Restaurant; Mansion; Arbor; Cottage; Vaudeville; Music Hall; Stage Name"
"N1","仰","{""ぎょう"",""こう""}","{""あお.ぐ"",""おお.せ"",""お.っしゃる"",""おっしゃ.る""}","Face-up; Look Up; Depend; Seek; Respect; Rever; Drink; Take"
"N1","伯","{""はく""}","{}","Chief; Count; Earl; Uncle; Brazil"
"N3","偶","{""ぐう""}","{""たま""}","Accidentally; Even Number; Couple; Man & Wife; Same Kind"
"N1","墳","{""ふん""}","{}","Tomb; Mound"
"N1","壮","{""そう""}","{""さかん""}","Robust; Manhood; Prosperity"
"N1","把","{""は"",""わ""}","{}","Grasp; Faggot; Bunch; Counter For Bundles"
"N1","搬","{""はん""}","{}","Conveyor; Carry; Transport"
"N1","晶","{""しょう""}","{}","Sparkle; Clear; Crystal"
"N1","洞","{""どう""}","{""ほら""}","Den; Cave; Excavation"
"N1","涯","{""がい""}","{""はて""}","Horizon; Shore; Limit; Bound"
"N1","疫","{""えき"",""やく""}","{}","Epidemic"
"N1","孔","{""こう"",""く""}","{""あな""}","Cavity; Hole; Slit; Very; Great; Exceedingly"
"N3","偉","{""い""}","{""えら.い""}","Admirable; Greatness; Remarkable; Conceited; Famous; Excellent"
"N3","頂","{""ちょう""}","{""いただ.く"",""いただき""}","Place On The Head; Receive; Top Of Head; Top; Summit; Peak"
"N2","召","{""しょう""}","{""め.す""}","Seduce; Call; Send For; Wear; Put On; Ride In; Buy; Eat; Drink; Catch (cold)"
"N2","挟","{""きょう"",""しょう""}","{""はさ.む"",""はさ.まる"",""わきばさ.む"",""さしはさ.む""}","Pinch; Between"
"N2","枯","{""こ""}","{""か.れる"",""か.らす""}","Wither; Die; Dry Up; Be Seasoned"
"N2","沸","{""ふつ""}","{""わ.く"",""わ.かす""}","Seethe; Boil; Ferment; Uproar; Breed"
"N2","濯","{""たく""}","{""すす.ぐ"",""ゆす.ぐ""}","Laundry; Wash; Pour On; Rinse"
"N2","燥","{""そう""}","{""はしゃ.ぐ""}","Parch; Dry Up"
"N2","瓶","{""びん""}","{""かめ""}","Bottle; Vial; Jar; Jug; Vat; Urn"
"N2","耕","{""こう""}","{""たがや.す""}","Till; Plow; Cultivate"
"N2","肯","{""こう""}","{""がえんじ.る""}","Agreement; Consent; Comply With"
"N2","脂","{""し""}","{""あぶら""}","Fat; Grease; Tallow; Lard; Rosin; Gum; Tar"
"N2","膚","{""ふ""}","{""はだ""}","Skin; Body; Grain; Texture; Disposition"
"N2","軒","{""けん""}","{""のき""}","Flats; Counter For Houses; Eaves"
"N2","軟","{""なん""}","{""やわ.らか"",""やわ.らかい""}","Soft"
"N2","郊","{""こう""}","{}","Outskirts; Suburbs; Rural Area"
"N2","隅","{""ぐう""}","{""すみ""}","Corner; Nook"
"N2","隻","{""せき""}","{}","Vessels; Counter For Ships; Fish; Birds; Arrows; One Of A Pair"
"N1","邸","{""てい""}","{""やしき""}","Residence; Mansion"
"N1","郡","{""ぐん""}","{""こおり""}","County; District"
"N1","釈","{""しゃく"",""せき""}","{""とく"",""す.てる"",""ゆる.す""}","Explanation"
"N1","肪","{""ぼう""}","{}","Obese; Fat"
"N1","喚","{""かん""}","{""わめ.く""}","Yell; Cry; Call; Scream; Summon"
"N1","媛","{""えん""}","{""ひめ""}","Beautiful Woman; Princess"
"N1","貞","{""てい""}","{""さだ""}","Upright; Chastity; Constancy; Righteousness"
"N1","玄","{""げん""}","{""くろ"",""くろ.い""}","Mysterious; Occultness; Black; Deep; Profound"
"N1","苗","{""びょう"",""みょう""}","{""なえ"",""なわ-""}","Seedling; Sapling; Shoot"
"N1","渦","{""か""}","{""うず""}","Whirlpool; Eddy; Vortex"
"N1","慈","{""じ""}","{""いつく.しむ""}","Mercy"
"N1","襟","{""きん""}","{""えり""}","Collar; Neck; Lapel; One's Inner Feelings"
"N1","蓮","{""れん""}","{""はす"",""はちす""}","Lotus"
"N1","亮","{""りょう""}","{""あきらか""}","Clear; Help"
"N1","聡","{""そう""}","{""さと.い"",""みみざと.い""}","Wise; Fast Learner"
"N1","浦","{""ほ""}","{""うら""}","Bay; Creek; Inlet; Gulf; Beach; Seacoast"
"N1","塚","{""ちょう""}","{""つか"",""-づか""}","Hillock; Mound"
"N1","陥","{""かん""}","{""おちい.る"",""おとしい.れる""}","Collapse; Fall Into; Cave In; Fall (castle); Slide Into"
"N1","貫","{""かん""}","{""つらぬ.く"",""ぬ.く"",""ぬき""}","Pierce; 8 1/3lbs; Penetrate; Brace"
"N1","覇","{""は"",""はく""}","{""はたがしら""}","Hegemony; Supremacy; Leadership; Champion"
"N1","呂","{""ろ"",""りょ""}","{""せぼね""}","Spine; Backbone"
"N1","擁","{""よう""}","{}","Hug; Embrace; Possess; Protect; Lead"
"N1","孤","{""こ""}","{}","Orphan; Alone"
"N1","賠","{""ばい""}","{}","Compensation; Indemnify"
"N1","鎖","{""さ""}","{""くさり"",""とざ.す""}","Chain; Irons; Connection"
"N1","噴","{""ふん""}","{""ふ.く""}","Erupt; Spout; Emit; Flush Out"
"N1","祥","{""しょう""}","{""さいわ.い"",""きざ.し"",""よ.い"",""つまび.らか""}","Auspicious; Happiness; Blessedness; Good Omen; Good Fortune"
"N1","牲","{""せい""}","{}","Animal Sacrifice; Offering"
"N1","秩","{""ちつ""}","{}","Regularity; Salary; Order"
"N1","唆","{""さ""}","{""そそ.る"",""そそのか.す""}","Tempt; Seduce; Instigate; Promote"
"N1","膨","{""ぼう""}","{""ふく.らむ"",""ふく.れる""}","Swell; Get Fat; Thick"
"N1","芳","{""ほう""}","{""かんば.しい""}","Perfume; Balmy; Favorable; Fragrant"
"N1","恒","{""こう""}","{""つね"",""つねに""}","Constancy; Always"
"N1","倫","{""りん""}","{}","Ethics; Companion"
"N1","陳","{""ちん""}","{""ひ.ねる""}","Exhibit; State; Relate; Explain"
"N1","須","{""す"",""しゅ""}","{""すべから.く"",""すべし"",""ひげ"",""まつ"",""もち.いる"",""もと.める""}","Ought; By All Means; Necessarily"
"N1","偏","{""へん""}","{""かたよ.る""}","Partial; Side; Left-side Radical; Inclining; Biased"
"N1","遇","{""ぐう""}","{""あ.う""}","Meet; Encounter; Interview; Treat; Entertain; Receive; Deal With"
"N1","糧","{""りょう"",""ろう""}","{""かて""}","Provisions; Food; Bread"
"N1","殊","{""しゅ""}","{""こと""}","Particularly; Especially; Exceptionally"
"N1","慢","{""まん""}","{}","Ridicule; Laziness"
"N1","没","{""ぼつ"",""もつ""}","{""おぼ.れる"",""しず.む"",""ない""}","Drown; Sink; Hide; Fall Into; Disappear; Die"
"N1","怠","{""たい""}","{""おこた.る"",""なま.ける""}","Neglect; Laziness"
"N1","遭","{""そう""}","{""あ.う"",""あ.わせる""}","Encounter; Meet; Party; Association; Interview; Join"
"N1","惰","{""だ""}","{}","Lazy; Laziness"
"N1","猟","{""りょう""}","{""かり"",""か.る""}","Game-hunting; Shooting; Game; Bag"
"N1","乃","{""ない"",""だい"",""の"",""あい""}","{""の"",""すなわ.ち"",""なんじ""}","From; Possessive Particle; Whereupon; Accordingly"
"N1","綾","{""りん""}","{""あや""}","Design; Figured Cloth; Twill"
"N1","颯","{""さつ"",""そう""}","{""さっ.と""}","Sudden; Quick; Sound Of The Wind"
"N1","隼","{""しゅん"",""じゅん""}","{""はやぶさ""}","Falcon"
"N1","輔","{""ほ"",""ふ""}","{""たす.ける""}","Help"
"N1","寛","{""かん""}","{""くつろ.ぐ"",""ひろ.い"",""ゆる.やか""}","Tolerant; Leniency; Generosity; Relax; Feel At Home; Be At Ease; Broadminded"
"N1","胞","{""ほう""}","{}","Placenta; Sac; Sheath"
"N1","浄","{""じょう"",""せい""}","{""きよ.める"",""きよ.い""}","Clean; Purify; Cleanse; Exorcise; Manchu Dynasty"
"N1","随","{""ずい""}","{""まにま.に"",""したが.う""}","Follow; Though; Notwithstanding; While; During; Both; All; Obey; Submit To; Comply; At The Mercy Of (the Waves)"
"N1","稿","{""こう""}","{""わら"",""したがき""}","Draft; Copy; Manuscript; Straw"
"N1","丹","{""たん""}","{""に""}","Rust-colored; Red; Red Lead; Pills; Sincerity"
"N1","壌","{""じょう""}","{""つち""}","Lot; Earth; Soil"
"N1","舗","{""ほ""}","{}","Shop; Store; Pave"
"N1","騰","{""とう""}","{""あが.る"",""のぼ.る""}","Leaping Up; Jumping Up; Rising; Advancing; Going"
"N1","緯","{""い""}","{""よこいと"",""ぬき""}","Horizontal; Woof; Left & Right; (parallels Of) Latitude; Prediction"
"N1","艇","{""てい""}","{}","Rowboat; Small Boat"
"N1","披","{""ひ""}","{}","Expose; Open"
"N1","錦","{""きん""}","{""にしき""}","Brocade; Fine Dress; Honors"
"N1","准","{""じゅん""}","{}","Quasi-; Semi-; Associate"
"N1","剰","{""じょう""}","{""あまつさえ"",""あま.り"",""あま.る""}","Surplus; Besides"
"N1","繊","{""せん""}","{}","Slender; Fine; Thin Kimono"
"N1","諭","{""ゆ""}","{""さと.す""}","Rebuke; Admonish; Charge; Warn; Persuade"
"N1","惨","{""さん"",""ざん""}","{""みじ.め"",""いた.む"",""むご.い""}","Wretched; Disaster; Cruelty; Harsh"
"N1","虐","{""ぎゃく""}","{""しいた.げる""}","Tyrannize; Oppress"
"N1","据","{""きょ""}","{""す.える"",""す.わる""}","Set; Lay A Foundation; Install; Equip; Squat Down; Sit Down"
"N1","徐","{""じょ""}","{""おもむ.ろに""}","Gradually; Slowly; Deliberately; Gently"
"N1","搭","{""とう""}","{}","Board; Load (a Vehicle); Ride"
"N1","鯉","{""り""}","{""こい""}","Carp"
"N1","緋","{""ひ""}","{""あけ"",""あか""}","Scarlet; Cardinal"
"N1","曙","{""しょ""}","{""あけぼの""}","Dawn; Daybreak"
"N1","胡","{""う"",""こ"",""ご""}","{""なんぞ""}","Barbarian; Foreign"
"N1","帥","{""すい""}","{}","Commander; Leading Troops; Governor"
"N1","啓","{""けい""}","{""ひら.く"",""さと.す""}","Disclose; Open; Say"
"N1","葵","{""き""}","{""あおい""}","Hollyhock"
"N1","駿","{""しゅん"",""すん""}","{""すぐ.れる""}","A Good Horse; Speed; A Fast Person"
"N1","諒","{""りょう""}","{""あきら.か"",""まことに""}","Fact; Reality; Understand; Appreciate"
"N1","莉","{""り"",""らい"",""れい""}","{}","Jasmine"
"N1","鯨","{""げい""}","{""くじら""}","Whale"
"N1","荘","{""そう"",""しょう"",""ちゃん""}","{""ほうき"",""おごそ.か""}","Villa; Inn; Cottage; Feudal Manor; Solemn; Dignified"
"N1","栽","{""さい""}","{}","Plantation; Planting"
"N1","拐","{""かい""}","{}","Kidnap; Falsify"
"N1","冠","{""かん""}","{""かんむり""}","Crown; Best; Peerless"
"N1","勲","{""くん""}","{""いさお""}","Meritorious Deed; Merit"
"N1","酬","{""しゅう"",""しゅ"",""とう""}","{""むく.いる""}","Repay; Reward; Retribution"
"N1","紋","{""もん""}","{}","Family Crest; Figures"
"N1","卸","{""しゃ""}","{""おろ.す"",""おろし"",""おろ.し""}","Wholesale"
"N1","欄","{""らん""}","{""てすり""}","Column; Handrail; Blank; Space"
"N1","逸","{""いつ""}","{""そ.れる"",""そ.らす"",""はぐ.れる""}","Deviate; Idleness; Leisure; Miss The Mark; Evade; Elude; Parry; Diverge"
"N1","尚","{""しょう""}","{""なお""}","Esteem; Furthermore; Still; Yet"
"N1","顕","{""けん""}","{""あきらか"",""あらわ.れる""}","Appear; Existing"
"N1","粛","{""しゅく"",""すく""}","{""つつし.む""}","Solemn; Quietly; Softly"
"N1","愚","{""ぐ""}","{""おろ.か""}","Foolish; Folly; Absurdity; Stupid"
"N1","庶","{""しょ""}","{}","Commoner; All; Bastard"
"N1","践","{""せん""}","{""ふ.む""}","Tread; Step On; Trample; Practice; Carry Through"
"N1","呈","{""てい""}","{}","Display; Offer; Present; Send; Exhibit"
"N1","疎","{""そ"",""しょ""}","{""うと.い"",""うと.む"",""まば.ら""}","Alienate; Rough; Neglect; Shun; Sparse; Penetrate"
"N1","疾","{""しつ""}","{""はや.い""}","Rapidly"
"N1","謡","{""よう""}","{""うた.い"",""うた.う""}","Song; Sing; Ballad; Noh Chanting"
"N1","鎌","{""れん"",""けん""}","{""かま""}","Sickle; Scythe; Trick"
"N1","酷","{""こく""}","{""ひど.い""}","Cruel; Severe; Atrocious; Unjust"
"N1","叙","{""じょ""}","{""つい.ず"",""ついで""}","Confer; Relate; Narrate; Describe"
"N1","且","{""しょ"",""そ"",""しょう""}","{""か.つ""}","Moreover; Also; Furthermore"
"N1","痴","{""ち""}","{""し.れる"",""おろか""}","Stupid; Foolish"
"N1","茎","{""けい"",""きょう""}","{""くき""}","Stalk; Stem"
"N1","阿","{""あ"",""お""}","{""おもね.る"",""くま""}","Africa; Flatter; Fawn Upon; Corner; Nook; Recess"
"N1","悠","{""ゆう""}","{}","Permanence; Distant; Long Time; Leisure"
"N1","杏","{""きょう"",""あん"",""こう""}","{""あんず""}","Apricot"
"N1","茜","{""せん""}","{""あかね""}","Madder; Red Dye; Turkey Red"
"N1","栞","{""かん""}","{""しおり""}","Bookmark; Guidebook"
"N1","伏","{""ふく""}","{""ふ.せる"",""ふ.す""}","Prostrated; Bend Down; Bow; Cover; Lay (pipes)"
"N1","鎮","{""ちん""}","{""しず.める"",""しず.まる"",""おさえ""}","Tranquilize; Ancient Peace-preservation Centers"
"N1","奉","{""ほう"",""ぶ""}","{""たてまつ.る"",""まつ.る"",""ほう.ずる""}","Observance; Offer; Present; Dedicate"
"N1","憂","{""ゆう""}","{""うれ.える"",""うれ.い"",""う.い"",""う.き""}","Melancholy; Grieve; Lament; Be Anxious; Sad; Unhappy"
"N1","朴","{""ぼく""}","{""ほう"",""ほお"",""えのき""}","Crude; Simple; Plain; Docile"
"N1","惜","{""せき""}","{""お.しい"",""お.しむ""}","Pity; Be Sparing Of; Frugal; Stingy; Regret"
"N1","佳","{""か""}","{}","Excellent; Beautiful; Good; Pleasing; Skilled"
"N1","悼","{""とう""}","{""いた.む""}","Lament; Grieve Over"
"N1","該","{""がい""}","{}","Above-stated; The Said; That Specific"
"N1","赴","{""ふ""}","{""おもむ.く""}","Proceed; Get; Become; Tend"
"N1","髄","{""ずい""}","{}","Marrow; Pith; Essence"
"N1","傍","{""ぼう""}","{""かたわ.ら"",""わき"",""おか-"",""はた"",""そば""}","Bystander; Side; Besides; While; Nearby; Third Person"
"N1","累","{""るい""}","{}","Accumulate; Involvement; Trouble; Tie Up; Continually"
"N1","癒","{""ゆ""}","{""い.える"",""いや.す"",""い.やす""}","Healing; Cure; Quench (thirst); Wreak"
"N1","郭","{""かく""}","{""くるわ""}","Enclosure; Quarters; Fortification; Red-light District"
"N1","尿","{""にょう""}","{""ゆばり"",""いばり"",""しと""}","Urine"
"N1","賓","{""ひん""}","{}","V.i.p.; Guest"
"N1","虜","{""りょ"",""ろ""}","{""とりこ"",""とりく""}","Captive; Barbarian; Low Epithet For The Enemy"
"N1","憾","{""かん""}","{""うら.む""}","Remorse; Regret; Be Sorry"
"N1","弥","{""み"",""び""}","{""や"",""いや"",""いよ.いよ"",""わた.る""}","All The More; Increasingly"
"N1","粗","{""そ""}","{""あら.い"",""あら-""}","Coarse; Rough; Rugged"
"N1","循","{""じゅん""}","{}","Sequential; Follow"
"N1","凝","{""ぎょう""}","{""こ.る"",""こ.らす"",""こご.らす"",""こご.らせる"",""こご.る""}","Congeal; Freeze; Stiff; Be Absorbed In"
"N1","昌","{""しょう""}","{""さかん""}","Prosperous; Bright; Clear"
"N1","旦","{""たん"",""だん""}","{""あき.らか"",""あきら"",""ただし"",""あさ"",""あした""}","Daybreak; Dawn; Morning"
"N1","愉","{""ゆ""}","{""たの.しい"",""たの.しむ""}","Pleasure; Happy; Rejoice"
"N1","抹","{""まつ""}","{}","Rub; Paint; Erase"
"N1","栓","{""せん""}","{}","Plug; Bolt; Cork; Bung; Stopper"
"N1","之","{""し""}","{""の"",""これ"",""ゆく"",""この""}","Of; This"
"N1","遼","{""りょう""}","{}","Distant"
"N1","瑛","{""えい""}","{}","Sparkle Of Jewelry; Crystal"
"N1","那","{""な"",""だ""}","{""なに"",""なんぞ"",""いかん""}","What?"
"N1","拍","{""はく"",""ひょう""}","{}","Clap; Beat (music)"
"N1","猶","{""ゆう"",""ゆ""}","{""なお""}","Furthermore; Still; Yet"
"N1","宰","{""さい""}","{}","Superintend; Manager; Rule"
"N1","寂","{""じゃく"",""せき""}","{""さび"",""さび.しい"",""さび.れる"",""さみ.しい""}","Loneliness; Quietly; Mellow; Mature; Death Of A Priest"
"N1","縫","{""ほう""}","{""ぬ.う""}","Sew; Stitch; Embroider"
"N1","呉","{""ご""}","{""く.れる"",""くれ""}","Give; Do Something For; Kingdom Of Wu"
"N1","凡","{""ぼん"",""はん""}","{""およ.そ"",""おうよ.そ"",""すべ.て""}","Commonplace; Ordinary; Mediocre"
"N1","恭","{""きょう""}","{""うやうや.しい""}","Respect; Reverent"
"N1","錯","{""さく"",""しゃく""}","{}","Confused; Mix; Be In Disorder"
"N1","穀","{""こく""}","{}","Cereals; Grain"
"N1","陵","{""りょう""}","{""みささぎ""}","Mausoleum; Imperial Tomb; Mound; Hill"
"N1","弊","{""へい""}","{}","Abuse; Evil; Vice; Breakage"
"N1","舶","{""はく""}","{}","Liner; Ship"
"N1","窮","{""きゅう"",""きょう""}","{""きわ.める"",""きわ.まる"",""きわ.まり"",""きわ.み""}","Hard Up; Destitute; Suffer; Perplexed; Cornered"
"N1","悦","{""えつ""}","{""よろこ.ぶ"",""よろこ.ばす""}","Ecstasy; Joy; Rapture"
"N1","縛","{""ばく""}","{""しば.る""}","Truss; Arrest; Bind; Tie; Restrain"
"N1","轄","{""かつ""}","{""くさび""}","Control; Wedge"
"N1","弦","{""げん""}","{""つる""}","Bowstring; Chord; Hypotenuse"
"N1","窒","{""ちつ""}","{}","Plug Up; Obstruct"
"N1","洪","{""こう""}","{}","Deluge; Flood; Vast"
"N1","摂","{""せつ"",""しょう""}","{""おさ.める"",""かね.る"",""と.る""}","Vicarious; Surrogate; Act In Addition To; Take In; Absorb"
"N1","飽","{""ほう""}","{""あ.きる"",""あ.かす"",""あ.く""}","Sated; Tired Of; Bored; Satiate"
"N1","紳","{""しん""}","{}","Sire; Good Belt; Gentleman"
"N1","庸","{""よう""}","{}","Commonplace; Ordinary; Employment"
"N1","靖","{""せい"",""じょう""}","{""やす.んじる""}","Peaceful"
"N1","嘉","{""か""}","{""よみ.する"",""よい""}","Applaud; Praise; Esteem; Happy; Auspicious"
"N1","搾","{""さく""}","{""しぼ.る""}","Squeeze"
"N1","蝶","{""ちょう""}","{}","Butterfly"
"N1","碑","{""ひ""}","{""いしぶみ""}","Tombstone; Monument"
"N1","尉","{""い"",""じょう""}","{}","Military Officer; Jailer; Old Man; Rank"
"N1","匠","{""しょう""}","{""たくみ""}","Artisan; Workman; Carpenter"
"N1","遥","{""よう""}","{""はる.か""}","Far Off; Distant; Long Ago"
"N1","智","{""ち""}","{}","Wisdom; Intellect; Reason"
"N1","賊","{""ぞく""}","{}","Burglar; Rebel; Traitor; Robber"
"N1","鼓","{""こ""}","{""つづみ""}","Drum; Beat; Rouse; Muster"
"N1","旋","{""せん""}","{""め.ぐる"",""いばり""}","Rotation; Go Around"
"N1","腸","{""ちょう""}","{""はらわた"",""わた""}","Intestines; Guts; Bowels; Viscera"
"N1","槽","{""そう""}","{""ふね""}","Vat; Tub; Tank"
"N1","伐","{""ばつ"",""はつ"",""か"",""ぼち""}","{""き.る"",""そむ.く"",""う.つ""}","Fell; Strike; Attack; Punish"
"N1","漬","{""し""}","{""つ.ける"",""つ.かる"",""-づ.け"",""-づけ""}","Pickling; Soak; Moisten; Steep"
"N1","坪","{""へい""}","{""つぼ""}","Two-mat Area; Approx. Thirty-six Sq Ft"
"N1","紺","{""こん""}","{}","Dark Blue; Navy"
"N1","羅","{""ら""}","{""うすもの""}","Gauze; Thin Silk; Rome; Arrange; Spread Out"
"N1","峡","{""きょう"",""こう""}","{""はざま""}","Gorge; Ravine"
"N1","俸","{""ほう""}","{}","Stipend; Salary"
"N1","醸","{""じょう""}","{""かも.す""}","Brew; Cause"
"N1","弔","{""ちょう""}","{""とむら.う"",""とぶら.う""}","Condolences; Mourning; Funeral"
"N1","乙","{""おつ"",""いつ""}","{""おと-"",""きのと""}","The Latter; Duplicate; Strange; Witty; Fishhook Radical (no. 5)"
"N1","遍","{""へん""}","{""あまね.く""}","Everywhere; Times; Widely; Generally"
"N1","衡","{""こう""}","{}","Equilibrium; Measuring Rod; Scale"
"N1","款","{""かん""}","{}","Goodwill; Article; Section; Friendship; Collusion"
"N1","閲","{""えつ""}","{""けみ.する""}","Review; Inspection; Revision"
"N1","喝","{""かつ""}","{}","Hoarse; Scold"
"N1","敢","{""かん""}","{""あ.えて"",""あ.えない"",""あ.えず""}","Daring; Brave; Bold; Sad; Tragic; Pitiful"
"N1","膜","{""まく""}","{}","Membrane"
"N1","盲","{""もう""}","{""めくら""}","Blind; Blind Man; Ignoramus"
"N1","胎","{""たい""}","{}","Womb; Uterus"
"N1","酵","{""こう""}","{}","Fermentation"
"N1","堕","{""だ""}","{""お.ちる"",""くず.す"",""くず.れる""}","Degenerate; Descend To; Lapse Into"
"N1","遮","{""しゃ""}","{""さえぎ.る""}","Intercept; Interrupt; Obstruct"
"N1","凸","{""とつ""}","{""でこ""}","Convex; Beetle Brow; Uneven"
"N1","凹","{""おう""}","{""くぼ.む"",""へこ.む"",""ぼこ""}","Concave; Hollow; Sunken"
"N1","楓","{""ふう""}","{""かえで""}","Maple"
"N1","哉","{""さい""}","{""かな"",""や""}","How; What; Alas; Question Mark; Exclamation Mark"
"N1","蒼","{""そう""}","{""あお.い""}","Blue; Pale"
"N1","瑠","{""る"",""りゅう""}","{}","Lapis Lazuli"
"N1","萌","{""ほう""}","{""も.える"",""きざ.す"",""めばえ"",""きざ.し""}","Show Symptoms Of; Sprout; Bud; Malt"
"N1","硫","{""りゅう""}","{}","Sulphur"
"N1","赦","{""しゃ""}","{}","Pardon; Forgiveness"
"N1","窃","{""せつ""}","{""ぬす.む"",""ひそ.か""}","Stealth; Steal; Secret; Private; Hushed"
"N1","慨","{""がい""}","{}","Rue; Be Sad; Sigh; Lament"
"N1","扶","{""ふ""}","{""たす.ける""}","Aid; Help; Assist"
"N1","戯","{""ぎ"",""げ""}","{""たわむ.れる"",""ざ.れる"",""じゃ.れる""}","Frolic; Play; Sport"
"N1","忌","{""き""}","{""い.む"",""い.み"",""い.まわしい""}","Mourning; Abhor; Detestable; Death Anniversary"
"N1","濁","{""だく"",""じょく""}","{""にご.る"",""にご.す""}","Voiced; Uncleanness; Wrong; Nigori; Impurity"
"N1","奔","{""ほん""}","{""はし.る""}","Run; Bustle"
"N1","肖","{""しょう""}","{""あやか.る""}","Resemblance"
"N1","朽","{""きゅう""}","{""く.ちる""}","Decay; Rot; Remain In Seclusion"
"N1","殻","{""かく"",""こく"",""ばい""}","{""から"",""がら""}","Husk; Nut Shell"
"N1","享","{""きょう"",""こう""}","{""う.ける""}","Enjoy; Receive; Undergo; Answer (phone); Take; Get; Catch"
"N1","藩","{""はん""}","{}","Clan; Enclosure"
"N1","媒","{""ばい""}","{""なこうど""}","Mediator; Go-between"
"N1","鶏","{""けい""}","{""にわとり"",""とり""}","Chicken"
"N1","嘱","{""しょく""}","{""しょく.する"",""たの.む""}","Entrust; Request; Send A Message"
"N1","迭","{""てつ""}","{}","Transfer; Alternation"
"N1","椎","{""つい"",""すい""}","{""つち"",""う.つ""}","Chinquapin; Mallet; Spine"
"N1","絹","{""けん""}","{""きぬ""}","Silk"
"N1","陪","{""ばい""}","{}","Obeisance; Follow; Accompany; Attend On"
"N1","剖","{""ぼう""}","{}","Divide"
"N1","譜","{""ふ""}","{}","Musical Score; Music; Note; Staff; Table; Genealogy"
"N1","淑","{""しゅく""}","{""しと.やか""}","Graceful; Gentle; Pure"
"N1","帆","{""はん""}","{""ほ""}","Sail"
"N1","憤","{""ふん""}","{""いきどお.る""}","Aroused; Resent; Be Indignant; Anger"
"N1","酌","{""しゃく""}","{""く.む""}","Bar-tending; Serving Sake; The Host; Draw (water); Ladle; Scoop; Pump"
"N1","暁","{""ぎょう"",""きょう""}","{""あかつき"",""さと.る""}","Daybreak; Dawn; In The Event"
"N1","傑","{""けつ""}","{""すぐ.れる""}","Greatness; Excellence"
"N1","錠","{""じょう""}","{}","Lock; Fetters; Shackles"
"N1","凌","{""りょう""}","{""しの.ぐ""}","Endure; Keep (rain)out; Stave Off; Tide Over; Defy; Slight; Surpass"
"N1","瑞","{""ずい"",""すい""}","{""みず-"",""しるし""}","Congratulations"
"N1","璃","{""り""}","{}","Glassy; Lapis Lazuli"
"N1","遷","{""せん""}","{""うつ.る"",""うつ.す"",""みやこがえ""}","Transition; Move; Change"
"N1","拙","{""せつ""}","{""つたな.い""}","Bungling; Clumsy; Unskillful"
"N1","峠","{}","{""とうげ""}","Mountain Peak; Mountain Pass; Climax; Crest; (kokuji)"
"N1","篤","{""とく""}","{""あつ.い""}","Fervent; Kind; Cordial; Serious; Deliberate"
"N1","叔","{""しゅく""}","{}","Uncle; Youth"
"N1","雌","{""し""}","{""め-"",""めす"",""めん""}","Feminine; Female"
"N1","堪","{""かん"",""たん""}","{""た.える"",""たま.る"",""こら.える"",""こた.える""}","Withstand; Endure; Support; Resist"
"N1","吟","{""ぎん""}","{}","Versify; Singing; Recital"
"N1","甚","{""じん""}","{""はなは.だ"",""はなは.だしい""}","Tremendously; Very; Great; Exceedingly"
"N1","崇","{""すう""}","{""あが.める""}","Adore; Respect; Revere; Worship"
"N1","漆","{""しつ""}","{""うるし""}","Lacquer; Varnish; Seven"
"N1","岬","{""こう""}","{""みさき""}","Headland; Cape; Spit; Promontory"
"N1","紡","{""ぼう""}","{""つむ.ぐ""}","Spinning"
"N1","礁","{""しょう""}","{}","Reef; Sunken Rock"
"N1","屯","{""とん""}","{""たむろ""}","Barracks; Police Station; Camp; Ton"
"N1","姻","{""いん""}","{}","Matrimony; Marry"
"N1","擬","{""ぎ""}","{""まが.い"",""もど.き""}","Mimic; Aim (a Gun) At; Nominate; Imitate"
"N1","睦","{""ぼく"",""もく""}","{""むつ.まじい"",""むつ.む"",""むつ.ぶ""}","Intimate; Friendly; Harmonious"
"N1","閑","{""かん""}","{}","Leisure"
"N1","曹","{""そう"",""ぞう""}","{}","Office; Official; Comrade; Fellow"
"N1","詠","{""えい""}","{""よ.む"",""うた.う""}","Recitation; Poem; Song; Composing"
"N1","卑","{""ひ""}","{""いや.しい"",""いや.しむ"",""いや.しめる""}","Lowly; Base; Vile; Vulgar"
"N1","侮","{""ぶ""}","{""あなど.る"",""あなず.る""}","Scorn; Despise; Make Light Of; Contempt"
"N1","鋳","{""ちゅう"",""い"",""しゅ"",""しゅう""}","{""い.る""}","Casting; Mint"
"N1","胆","{""たん""}","{""きも""}","Gall Bladder; Courage; Pluck; Nerve"
"N1","浪","{""ろう""}","{}","Wandering; Waves; Billows; Reckless; Unrestrained"
"N1","禍","{""か""}","{""わざわい""}","Calamity; Misfortune; Evil; Curse"
"N1","酪","{""らく""}","{}","Dairy Products; Whey; Broth; Fruit Juice"
"N1","憧","{""しょう"",""とう"",""どう""}","{""あこが.れる""}","Yearn After; Long For; Aspire To; Admire; Adore"
"N1","慶","{""けい""}","{""よろこ.び""}","Jubilation; Congratulate; Rejoice; Be Happy"
"N1","亜","{""あ""}","{""つ.ぐ""}","Asia; Rank Next; Come After; -ous"
"N1","汰","{""た"",""たい""}","{""おご.る"",""にご.る"",""よな.げる""}","Washing; Sieving; Filtering; Weeding Out; Luxury"
"N1","梓","{""し""}","{""あずさ""}","Catalpa Tree; Woodblock Printing"
"N1","沙","{""さ"",""しゃ""}","{""すな"",""よなげる""}","Sand"
"N1","逝","{""せい""}","{""ゆ.く"",""い.く""}","Departed; Die"
"N1","匿","{""とく""}","{""かくま.う""}","Hide; Shelter; Shield"
"N1","寡","{""か""}","{}","Widow; Minority; Few"
"N1","痢","{""り""}","{}","Diarrhea"
"N1","坑","{""こう""}","{}","Pit; Hole"
"N1","藍","{""らん""}","{""あい""}","Indigo"
"N1","畔","{""はん""}","{""あぜ"",""くろ"",""ほとり""}","Paddy Ridge; Levee"
"N1","唄","{""ばい""}","{""うた"",""うた.う""}","Song; Ballad"
"N1","拷","{""ごう""}","{}","Torture; Beat"
"N1","渓","{""けい""}","{""たに"",""たにがわ""}","Mountain Stream; Valley"
"N1","廉","{""れん""}","{}","Bargain; Reason; Charge; Suspicion; Point; Account; Purity; Honest; Low Price; Cheap; Rested; Contented; Peaceful"
"N1","謹","{""きん""}","{""つつし.む""}","Discreet; Reverently; Humbly"
"N1","湧","{""ゆう"",""よう"",""ゆ""}","{""わ.く""}","Boil; Ferment; Seethe; Uproar; Breed"
"N1","醜","{""しゅう""}","{""みにく.い"",""しこ""}","Ugly; Unclean; Shame; Bad Looking"
"N1","升","{""しょう""}","{""ます""}","Measuring Box; 1.8 Liter"
"N1","殉","{""じゅん""}","{}","Martyrdom; Follow By Resigning"
"N1","煩","{""はん"",""ぼん""}","{""わずら.う"",""わずら.わす"",""うるさ.がる"",""うるさ.い""}","Anxiety; Trouble; Worry; Pain; Ill; Annoy; Nuisance; Irksome"
"N1","劾","{""がい""}","{}","Censure; Criminal Investigation"
"N1","桟","{""さん"",""せん""}","{""かけはし""}","Scaffold; Cleat; Frame; Jetty; Bolt (door)"
"N1","婿","{""せい""}","{""むこ""}","Bridegroom; Son-in-law"
"N1","慕","{""ぼ""}","{""した.う""}","Pining; Yearn For; Love Dearly; Adore"
"N1","罷","{""ひ""}","{""まか.り-"",""や.める""}","Quit; Stop; Leave; Withdraw; Go"
"N1","矯","{""きょう""}","{""た.める""}","Rectify; Straighten; Correct; Reform; Cure; Control; Pretend; Falsify"
"N1","某","{""ぼう""}","{""それがし"",""なにがし""}","So-and-so; One; A Certain; That Person"
"N1","囚","{""しゅう""}","{""とら.われる""}","Captured; Criminal; Arrest; Catch"
"N1","泌","{""ひつ"",""ひ""}","{}","Ooze; Flow; Soak In; Penetrate; Secrete"
"N1","漸","{""ぜん""}","{""ようや.く"",""やや"",""ようよ.う"",""すす.む""}","Steadily; Gradually Advancing; Finally; Barely"
"N1","藻","{""そう""}","{""も""}","Seaweed; Duckweed"
"N1","妄","{""もう"",""ぼう""}","{""みだ.りに""}","Delusion; Unnecessarily; Without Authority; Reckless"
"N1","蛮","{""ばん""}","{""えびす""}","Barbarian"
"N1","倹","{""けん""}","{""つま.しい"",""つづまやか""}","Frugal; Economy; Thrifty"
"N1","渥","{""あく""}","{""あつ.い"",""うるお.う""}","Kindness; Moisten"
"N1","旭","{""きょく""}","{""あさひ""}","Rising Sun; Morning Sun"
"N1","絢","{""けん""}","{}","Brilliant Fabric Design"
"N1","鮎","{""でん"",""ねん""}","{""あゆ"",""なまず""}","Freshwater Trout; Smelt"
"N1","惟","{""い"",""ゆい""}","{""おも.んみる"",""これ"",""おも.うに""}","Consider; Reflect; Think"
"N1","亥","{""がい"",""かい""}","{""い""}","Sign Of The Hog; 9-11pm; Twelfth Sign Of The Chinese Zodiac"
"N1","郁","{""いく""}","{}","Cultural Progress; Perfume"
"N1","磯","{""き""}","{""いそ""}","Seashore; Beach"
"N1","壱","{""いち"",""いつ""}","{""ひとつ""}","One (in Documents)"
"N1","允","{""いん""}","{""じょう"",""まこと.に"",""ゆるす""}","License; Sincerity; Permit"
"N1","胤","{""いん""}","{""たね""}","Descendent; Issue; Offspring"
"N1","韻","{""いん""}","{}","Rhyme; Elegance; Tone"
"N1","卯","{""ぼう"",""もう""}","{""う""}","Sign Of The Hare Or Rabbit; Fourth Sign Of Chinese Zodiac; 5-7am; East"
"N1","丑","{""ちゅう""}","{""うし""}","Sign Of The Ox Or Cow; 1-3am; Second Sign Of Chinese Zodiac"
"N1","叡","{""えい""}","{""あき.らか""}","Intelligence; Imperial"
"N1","謁","{""えつ""}","{}","Audience; Audience (with King)"
"N1","艶","{""えん""}","{""つや"",""なま.めかしい"",""あで.やか"",""つや.めく"",""なま.めく""}","Glossy; Luster; Glaze; Polish; Charm; Colorful; Captivating"
"N1","苑","{""えん"",""おん""}","{""その"",""う.つ""}","Garden; Farm; Park"
"N1","於","{""お"",""よ""}","{""おい.て"",""お.ける"",""ああ"",""より""}","At; In; On; As For"
"N1","旺","{""おう"",""きょう"",""ごう""}","{""かがや.き"",""うつくし.い"",""さかん""}","Flourishing; Successful; Beautiful; Vigorous"
"N1","翁","{""おう""}","{""おきな""}","Venerable Old Man"
"N1","伽","{""か"",""が"",""きゃ"",""ぎゃ""}","{""とぎ""}","Nursing; Attending; Entertainer"
"N1","箇","{""か"",""こ""}","{}","Counter For Articles"
"N1","茄","{""か""}","{}","Eggplant"
"N1","霞","{""か"",""げ""}","{""かすみ"",""かす.む""}","Be Hazy; Grow Dim; Blurred"
"N1","魁","{""かい""}","{""さきがけ"",""かしら""}","Charging Ahead Of Others"
"N1","凱","{""がい"",""かい""}","{""かちどき"",""やわらぐ""}","Victory Song"
"N1","馨","{""けい"",""きょう""}","{""かお.る"",""かおり""}","Fragrant; Balmy; Favourable"
"N1","嚇","{""かく""}","{""おど.す""}","Menacing; Dignity; Majesty; Threaten"
"N1","褐","{""かつ""}","{}","Brown; Woollen Kimono"
"N1","叶","{""きょう""}","{""かな.える"",""かな.う""}","Grant; Answer"
"N1","樺","{""か""}","{""かば"",""かんば""}","Birch; Dark Red"
"N1","茅","{""ぼう"",""みょう""}","{""かや"",""ちがや""}","Miscanthus Reed"
"N1","侃","{""かん""}","{""つよ.い""}","Strong; Just; Righteous; Peace-loving"
"N1","棺","{""かん""}","{}","Coffin; Casket"
"N1","莞","{""かん""}","{""い""}","Smiling; Reed Used To Cover Tatami"
"N1","巌","{""がん""}","{""いわ"",""いわお"",""けわ.しい""}","Rock; Crag; Boulder"
"N1","嬉","{""き""}","{""うれ.しい"",""たの.しむ""}","Glad; Pleased; Rejoice"
"N1","毅","{""き"",""ぎ""}","{""つよ.い""}","Strong"
"N1","稀","{""き"",""け""}","{""まれ"",""まばら""}","Rare; Phenomenal; Dilute (acid)"
"N1","誼","{""ぎ""}","{""よしみ"",""よい""}","Friendship; Intimacy"
"N1","鞠","{""きく"",""きゅう""}","{""まり""}","Ball"
"N1","橘","{""きつ""}","{""たちばな""}","Mandarin Orange"
"N1","亨","{""こう"",""きょう"",""ほう""}","{""とお.る""}","Pass Through; Go Smoothly"
"N1","匡","{""きょう"",""おう""}","{""すく.う""}","Correct; Save; Assist"
"N1","喬","{""きょう""}","{""たか.い""}","High; Boasting"
"N1","尭","{""ぎょう""}","{""たか.い""}","High; Far"
"N1","桐","{""とう"",""どう""}","{""きり""}","Paulownia"
"N1","斤","{""きん""}","{}","Axe; 1.32 Lb; Catty; Counter For Loaves Of Bread; Axe Radical (no. 69)"
"N1","欣","{""きん"",""ごん"",""こん""}","{""よろこ.ぶ"",""よろこ.び""}","Take Pleasure In; Rejoice"
"N1","欽","{""きん"",""こん""}","{""つつし.む""}","Respect; Revere; Long For"
"N1","芹","{""きん""}","{""せり""}","Parsley"
"N1","衿","{""きん"",""こん""}","{""えり""}","Neck; Collar; Lapel"
"N1","玖","{""きゅう"",""く""}","{}","Beautiful Black Jewel; Nine"
"N1","虞","{""ぐ""}","{""おそれ"",""おもんぱか.る"",""はか.る"",""うれ.える"",""あざむ.く"",""あやま.る"",""のぞ.む"",""たの.しむ""}","Fear; Uneasiness; Anxiety; Concern; Expectation; Consideration"
"N1","栗","{""りつ"",""り""}","{""くり"",""おののく""}","Chestnut"
"N1","薫","{""くん""}","{""かお.る""}","Send Forth Fragrance; Fragrant; Be Scented; Smoke (tobacco)"
"N1","袈","{""け"",""か""}","{}","A Coarse Camlet"
"N1","圭","{""けい"",""け""}","{}","Square Jewel; Corner; Angle; Edge"
"N1","慧","{""けい"",""え""}","{""さとい""}","Wise"
"N1","桂","{""けい""}","{""かつら""}","Japanese Judas-tree; Cinnamon Tree"
"N1","絃","{""げん""}","{""いと""}","String; Cord; Samisen Music"
"N1","伍","{""ご""}","{""いつつ""}","Five; Five-man Squad; File; Line"
"N1","梧","{""ご""}","{""あおぎり""}","Chinese Parasol Tree; Phoenix Tree"
"N1","瑚","{""こ"",""ご""}","{}","Ancestral Offering Receptacle; Coral"
"N1","侯","{""こう""}","{}","Marquis; Lord; Daimyo"
"N1","倖","{""こう""}","{""しあわ.せ"",""さいわ.い""}","Happiness; Luck"
"N1","宏","{""こう""}","{""ひろ.い""}","Wide; Large"
"N1","弘","{""こう"",""ぐ""}","{""ひろ.い""}","Vast; Broad; Wide"
"N1","昂","{""こう"",""ごう""}","{""あ.がる"",""たか.い"",""たか.ぶる""}","Rise"
"N1","晃","{""こう""}","{""あきらか""}","Clear"
"N1","浩","{""こう""}","{""おおき.い"",""ひろ.い""}","Wide Expanse; Abundance; Vigorous"
"N1","紘","{""こう""}","{""おおづな"",""つな"",""つなぐ""}","Large"
"N1","鴻","{""こう"",""ごう""}","{""おおとり"",""ひしくい"",""おおがり""}","Large Bird; Wild Goose; Large; Great; Powerful; Prosperous"
"N1","墾","{""こん""}","{""は.る"",""ひら.く""}","Ground-breaking; Open Up Farmland"
"N1","嵯","{""さ"",""し""}","{}","Steep; Craggy; Rugged"
"N1","瑳","{""さ""}","{""みが.く""}","Polish; Brilliant White Luster Of A Gem; Artful Smile"
"N1","裟","{""さ"",""しゃ""}","{}","Buddhist Surplice"
"N1","采","{""さい""}","{""と.る"",""いろどり""}","Dice; Form; Appearance; Take; Gather; Coloring"
"N1","冴","{""ご"",""こ""}","{""さ.える"",""こお.る"",""ひ.える""}","Be Clear; Serene; Cold; Skilful"
"N1","朔","{""さく""}","{""ついたち""}","Conjunction (astronomy); First Day Of Month; North"
"N1","笹","{}","{""ささ""}","Bamboo Grass; (kokuji)"
"N1","皐","{""こう""}","{""さつき""}","Swamp; Shore"
"N1","燦","{""さん""}","{""さん.たる"",""あき.らか"",""きらめ.く"",""きら.めく""}","Brilliant"
"N1","蚕","{""さん"",""てん""}","{""かいこ"",""こ""}","Silkworm"
"N1","嗣","{""し""}","{}","Heir; Succeed"
"N1","肢","{""し""}","{}","Limb; Arms & Legs"
"N1","賜","{""し""}","{""たまわ.る"",""たま.う"",""たも.う""}","Grant; Gift; Boon; Results"
"N1","爾","{""じ"",""に""}","{""なんじ"",""しかり"",""その"",""のみ"",""おれ"",""しか""}","You; Thou; Second Person"
"N1","蒔","{""し"",""じ""}","{""う.える"",""ま.く""}","Sow (seeds)"
"N1","汐","{""せき""}","{""しお"",""うしお"",""せい""}","Eventide; Tide; Salt Water; Opportunity"
"N1","偲","{""さい"",""し""}","{""しの.ぶ""}","Recollect; Remember"
"N1","紗","{""さ"",""しゃ""}","{""うすぎぬ""}","Gauze; Gossamer"
"N1","勺","{""しゃく""}","{}","Ladle; One Tenth Of A Go; Dip"
"N1","爵","{""しゃく""}","{}","Baron; Peerage; Court Rank"
"N1","儒","{""じゅ""}","{}","Confucian"
"N1","愁","{""しゅう""}","{""うれ.える"",""うれ.い""}","Distress; Grieve; Lament; Be Anxious"
"N1","洲","{""しゅう"",""す""}","{""しま""}","Continent; Sandbar; Island; Country"
"N1","峻","{""しゅん""}","{""けわ.しい"",""たか.い""}","High; Steep"
"N1","竣","{""どう"",""しゅん""}","{""わらわ"",""わらべ"",""おわ.る""}","End; Finish"
"N1","舜","{""しゅん""}","{}","Type Of Morning Glory; Rose Of Sharon; Althea"
"N1","淳","{""じゅん"",""しゅん""}","{""あつ.い""}","Pure"
"N1","遵","{""じゅん""}","{}","Abide By; Follow; Obey; Learn"
"N1","渚","{""しょ""}","{""なぎさ""}","Strand; Beach; Shore"
"N1","恕","{""じょ"",""しょ""}","{""ゆる.す""}","Excuse; Tolerate; Forgive"
"N1","宵","{""しょう""}","{""よい""}","Wee Hours; Evening; Early Night"
"N1","抄","{""しょう""}","{}","Extract; Selection; Summary; Copy; Spread Thin"
"N1","捷","{""しょう"",""そう""}","{""はや.い""}","Victory; Fast"
"N1","梢","{""しょう""}","{""こずえ"",""くすのき""}","Treetops; Twig"
"N1","硝","{""しょう""}","{}","Nitrate; Saltpeter"
"N1","菖","{""しょう""}","{}","Iris"
"N1","蕉","{""しょう""}","{}","Banana; Plantain"
"N1","詔","{""しょう""}","{""みことのり""}","Imperial Edict"
"N1","丞","{""じょう"",""しょう""}","{""すく.う"",""たす.ける""}","Help"
"N1","穣","{""じょう""}","{""わら"",""ゆたか""}","Good Crops; Prosperity; 10**28"
"N1","晋","{""しん""}","{""すす.む""}","Advance"
"N1","榛","{""しん"",""はん""}","{""はしばみ"",""はり""}","Hazelnut; Filbert"
"N1","秦","{""しん""}","{""はた""}","Manchu Dynasty; Name Given To Naturalized Foreigners"
"N1","薪","{""しん""}","{""たきぎ"",""まき""}","Fuel; Firewood; Kindling"
"N1","翠","{""すい""}","{""かわせみ"",""みどり""}","Green; Kingfisher"
"N1","錘","{""すい""}","{""つむ"",""おもり""}","Weight; Plumb Bob; Sinker; Spindle"
"N1","嵩","{""すう"",""しゅう""}","{""かさ"",""かさ.む"",""たか.い""}","Be Aggravated; Grow Worse; Grow Bulky; Swell"
"N1","雛","{""すう"",""す"",""じゅ""}","{""ひな"",""ひよこ""}","Chick; Squab; Duckling; Doll"
"N1","畝","{""ぼう"",""ほ"",""も"",""む""}","{""せ"",""うね""}","Furrow; Thirty Tsubo; Ridge; Rib"
"N1","斥","{""せき""}","{""しりぞ.ける""}","Reject; Retreat; Recede; Withdraw; Repel; Repulse"
"N1","碩","{""せき""}","{""おお.きい""}","Large; Great; Eminent"
"N1","銑","{""せん""}","{}","Pig Iron"
"N1","繕","{""ぜん""}","{""つくろ.う""}","Darning; Repair; Mend; Trim; Tidy Up; Adjust"
"N1","塑","{""そ""}","{""でく""}","Model; Molding"
"N1","惣","{""そう""}","{""すべ.て""}","All"
"N1","綜","{""そう""}","{""おさ.める"",""す.べる""}","Rule; Synthesize"
"N1","黛","{""たい""}","{""まゆずみ""}","Blackened Eyebrows"
"N1","鯛","{""ちょう""}","{""たい""}","Sea Bream; Red Snapper"
"N1","鷹","{""よう"",""おう""}","{""たか""}","Hawk"
"N1","啄","{""たく"",""つく"",""とく""}","{""ついば.む"",""つつ.く""}","Peck; Pick Up"
"N1","琢","{""たく""}","{""みが.く""}","Polish"
"N1","只","{""し""}","{""ただ""}","Only; Free; In Addition"
"N1","但","{""たん""}","{""ただ.し""}","However; But"
"N1","辰","{""しん"",""じん""}","{""たつ""}","Sign Of The Dragon; 7-9am; Fifth Sign Of Chinese Zodiac; Shin Dragon Radical (no. 161)"
"N1","巽","{""そん""}","{""たつみ""}","Southeast"
"N1","檀","{""だん"",""たん""}","{""まゆみ""}","Cedar; Sandlewood; Spindle Tree"
"N1","逐","{""ちく""}","{}","Pursue; Drive Away; Chase; Accomplish; Attain; Commit"
"N1","嫡","{""ちゃく"",""てき""}","{}","Legitimate Wife; Direct Descent (non-bastard)"
"N1","衷","{""ちゅう""}","{}","Inmost; Heart; Mind; Inside"
"N1","猪","{""ちょ""}","{""い"",""いのしし""}","Boar"
"N1","暢","{""ちょう""}","{""のび.る""}","Stretch"
"N1","脹","{""ちょう""}","{""は.れる"",""ふく.らむ"",""ふく.れる""}","Dilate; Distend; Bulge; Fill Out; Swell"
"N1","勅","{""ちょく""}","{""いまし.める"",""みことのり""}","Imperial Order"
"N1","朕","{""ちん""}","{}","Majestic Plural; Imperial We"
"N1","槻","{""き""}","{""つき""}","Zelkova Tree"
"N1","蔦","{""ちょう""}","{""つた""}","Vine; Ivy"
"N1","椿","{""ちん"",""ちゅん""}","{""つばき""}","Camellia"
"N1","紬","{""ちゅう""}","{""つむぎ"",""つむ.ぐ""}","Pongee (a Knotted Silk Cloth)"
"N1","悌","{""てい"",""だい""}","{}","Serving Our Elders"
"N1","禎","{""てい""}","{""さいわ.い""}","Happiness; Blessed; Good Fortune; Auspicious"
"N1","逓","{""てい""}","{""かわ.る"",""たがいに""}","Relay; In Turn; Sending"
"N1","杜","{""と"",""とう"",""ず""}","{""もり"",""ふさ.ぐ"",""やまなし""}","Woods; Grove"
"N1","痘","{""とう""}","{}","Pox; Smallpox"
"N1","謄","{""とう""}","{}","Mimeograph; Copy"
"N1","寅","{""いん""}","{""とら""}","Sign Of The Tiger; 3-5am; Third Sign Of Chinese Zodiac"
"N1","酉","{""ゆう""}","{""とり""}","West; Bird; Sign Of The Bird; 5-7pm; Tenth Sign Of Chinese Zodiac; Sake Radical (no. 164)"
"N1","惇","{""しゅん"",""じゅん"",""とん""}","{""あつ.い""}","Sincere; Kind; Considerate"
"N1","敦","{""とん"",""たい"",""だん"",""ちょう""}","{""あつ.い""}","Industry; Kindliness"
"N1","凪","{}","{""なぎ"",""な.ぐ""}","Lull; Calm; (kokuji)"
"N1","捺","{""なつ"",""だつ""}","{""さ.す"",""お.す""}","Press; Print; Affix A Seal; Stamp"
"N1","楠","{""なん"",""だん"",""ぜん"",""ねん""}","{""くす"",""くすのき""}","Camphor Tree"
"N1","弐","{""に"",""じ""}","{""ふた.つ"",""そえ""}","Ii; Two; Second"
"N1","巴","{""は""}","{""ともえ"",""うずまき""}","Comma-design"
"N1","萩","{""しゅう""}","{""はぎ""}","Bush Clover"
"N1","肇","{""ちょう"",""じょう"",""とう""}","{""はじ.める"",""はじめ""}","Beginning"
"N1","頒","{""はん""}","{""わか.つ""}","Distribute; Disseminate; Partition; Understand"
"N1","眉","{""び"",""み""}","{""まゆ""}","Eyebrow"
"N1","柊","{""しゅ"",""しゅう""}","{""ひいらぎ""}","Holly"
"N1","彦","{""げん""}","{""ひこ""}","Lad; Boy (ancient)"
"N1","彪","{""ひょう"",""ひゅう""}","{""あや""}","Spotted; Mottled; Patterned; Small Tiger"
"N1","彬","{""ひん"",""ふん""}","{""うるわ.しい"",""あき.らか""}","Refined; Gentle"
"N1","芙","{""ふ""}","{}","Lotus; Mt Fuji"
"N1","賦","{""ふ"",""ぶ""}","{}","Levy; Ode; Prose; Poem; Tribute; Installment"
"N1","附","{""ふ""}","{""つ.ける"",""つ.く""}","Affixed; Attach; Refer To; Append"
"N1","蕗","{""ろ"",""る""}","{""ふき""}","Butterbur; Bog Rhubarb"
"N1","丙","{""へい""}","{""ひのえ""}","Third Class; 3rd; 3rd Calendar Sign"
"N1","碧","{""へき"",""ひゃく""}","{}","Blue; Green"
"N1","甫","{""ほ"",""ふ""}","{""はじ.めて""}","For The First Time; Not Until"
"N1","倣","{""ほう""}","{""なら.う""}","Emulate; Imitate"
"N1","朋","{""ほう""}","{""とも""}","Companion; Friend"
"N1","鳳","{""ほう"",""ふう""}","{}","Male Mythical Bird"
"N1","鵬","{""ほう""}","{""おおとり""}","Phoenix"
"N1","槙","{""てん"",""しん""}","{""まき"",""こずえ""}","Twig; Ornamental Evergreen"
"N1","柾","{}","{""まさ"",""まさめ"",""まさき""}","Straight Grain; Spindle Tree; (kokuji)"
"N1","亦","{""えき"",""やく""}","{""また""}","Also; Again"
"N1","繭","{""けん""}","{""まゆ"",""きぬ""}","Cocoon"
"N1","麿","{}","{""まろ""}","I; You; (kokuji)"
"N1","巳","{""し""}","{""み""}","Sign Of The Snake Or Serpent; 9-11am; Sixth Sign Of Chinese Zodiac"
"N1","稔","{""ねん"",""じん"",""にん""}","{""みの.る"",""みのり""}","Harvest; Ripen"
"N1","椋","{""りょう""}","{""むく""}","Type Of Deciduous Tree; Grey Starling"
"N1","孟","{""もう"",""ぼう"",""みょう""}","{""かしら""}","Chief; Beginning"
"N1","耗","{""もう"",""こう""}","{}","Decrease"
"N1","匁","{}","{""もんめ"",""め""}","Monme; 3.75 Grams; (kokuji)"
"N1","冶","{""や""}","{""い.る""}","Melting; Smelting"
"N1","耶","{""や"",""じゃ""}","{""か""}","Question Mark"
"N1","佑","{""ゆう"",""う""}","{""たす.ける""}","Help; Assist"
"N1","宥","{""ゆう""}","{""なだ.める"",""ゆる.す""}","Soothe; Calm; Pacify"
"N1","柚","{""ゆ"",""ゆう"",""じく""}","{""ゆず""}","Citron"
"N1","祐","{""ゆう"",""う""}","{""たす.ける""}","Help"
"N1","邑","{""ゆう""}","{""むら""}","Village; Rural Community; Right Village Radical (no. 163)"
"N1","楊","{""よう""}","{""やなぎ""}","Willow"
"N1","窯","{""よう""}","{""かま""}","Kiln; Oven; Furnace"
"N1","耀","{""よう""}","{""かがや.く"",""ひかり""}","Shine; Sparkle; Gleam; Twinkle"
"N1","蓉","{""よう""}","{}","Lotus"
"N1","濫","{""らん""}","{""みだ.りに"",""みだ.りがましい""}","Excessive; Overflow; Spread Out"
"N1","蘭","{""らん"",""ら""}","{}","Orchid; Holland"
"N1","吏","{""り""}","{}","Officer; An Official"
"N1","李","{""り""}","{""すもも""}","Plum"
"N1","琉","{""りゅう"",""る""}","{}","Precious Stone; Gem; Lapis Lazuli"
"N1","稜","{""りょう"",""ろう""}","{""いつ"",""かど""}","Angle; Edge; Corner; Power; Majesty"
"N1","厘","{""りん""}","{}","Rin; 1/10 Sen; 1/10 Bu"
"N1","琳","{""りん""}","{}","Jewel; Tinkling Of Jewelry"
"N1","麟","{""りん""}","{}","Chinese Unicorn; Genius; Giraffe; Bright; Shining"
"N1","伶","{""れい"",""りょう""}","{""わざおぎ""}","Actor"
"N1","嶺","{""れい"",""りょう""}","{""みね""}","Peak; Summit"
"N1","怜","{""れい"",""れん"",""りょう""}","{""あわ.れむ"",""さと.い""}","Wise"
"N1","玲","{""れい""}","{}","Sound Of Jewels"
"N1","楼","{""ろう""}","{""たかどの""}","Watchtower; Lookout; High Building"
"N1","禄","{""ろく""}","{""さいわ.い"",""ふち""}","Fief; Allowance; Pension; Grant; Happiness"
"N1","倭","{""わ"",""い""}","{""やまと"",""したが.う""}","Yamato; Ancient Japan"
"N1","亘","{""こう"",""かん"",""せん""}","{""わた.る"",""もと.める""}","Span; Range; Extend Over"
"N1","侑","{""ゆう"",""う""}","{""すす.める"",""たす.ける""}","Urge To Eat"
"N1","勁","{""けい""}","{""つよ.い""}","Strong"
"N1","奎","{""けい"",""き""}","{}","Star; God Of Literature"
"N1","崚","{""りょう""}","{}","Mountains Towering In A Row"
"N1","彗","{""すい"",""え"",""けい"",""せい""}","{""ほうき""}","Comet"
"N1","昴","{""こう"",""ぼう""}","{""すばる""}","The Pleiades"
"N1","晏","{""あん""}","{""おそ.い""}","Late; Quiet; Sets (sun)"
"N1","晨","{""しん""}","{""あした"",""とき"",""あさ""}","Morning; Early"
"N1","晟","{""せい"",""じょう""}","{""あきらか""}","Clear"
"N1","暉","{""き""}","{""かが.やく""}","Shine; Light"
"N1","椰","{""や""}","{""やし""}","Coconut Tree"
"N1","毬","{""きゅう""}","{""いが"",""まり""}","Burr; Ball"
"N1","洸","{""こう""}","{}","Sparkling Water"
"N1","洵","{""じゅん"",""しゅん""}","{""の.ぶ"",""まこと.に""}","Alike; Truth"
"N1","滉","{""こう""}","{""ひろ.い""}","Deep And Broad"
"N1","漱","{""そう"",""しゅう"",""す""}","{""くちすす.ぐ"",""くちそそ.ぐ"",""うがい"",""すす.ぐ""}","Gargle; Rinse Mouth"
"N1","澪","{""れい""}","{""みお""}","Water Route; Shipping Channel"
"N1","燎","{""りょう""}","{""かがりび""}","Burn; Bonfire"
"N1","燿","{""よう""}","{""かがや.く"",""ひかり""}","Shine"
"N1","瑶","{""よう""}","{""たま""}","Beautiful As A Jewel"
"N1","皓","{""こう""}","{""しろ.い"",""ひか.る""}","White; Clear"
"N1","眸","{""ぼう"",""む""}","{""ひとみ""}","Pupil Of The Eye"
"N1","笙","{""しょう"",""そう""}","{""ふえ""}","A Reed Instrument"
"N1","綸","{""りん"",""かん""}","{""いと""}","Thread; Silk Cloth"
"N1","脩","{""しゅう""}","{""おさ.める"",""なが.い"",""ほじし""}","Dried Meat"
"N1","茉","{""まつ"",""ばつ"",""ま""}","{}","Jasmine"
"N1","菫","{""きん""}","{""すみれ""}","The Violet"
"N1","詢","{""じゅん"",""しゅん""}","{""はか.る"",""まこと""}","Consult With"
"N1","諄","{""しゅん""}","{""ひちくど.い"",""くど.い"",""くどくど"",""ねんご.ろ""}","Tedious"
"N1","赳","{""きゅう""}","{}","Strong And Brave"
"N1","迪","{""てき""}","{""みち"",""みちび.く"",""すす.む"",""いた.る""}","Edify; Way; Path"
"N1","頌","{""しょう"",""じゅ"",""よう""}","{""かたち"",""たた.える"",""ほめ.る""}","Eulogy"
"N1","黎","{""れい"",""り""}","{""くろ.い""}","Dark; Black; Many"
"N1","凜","{""りん""}","{""きびし.い""}","Cold; Strict; Severe"
"N1","熙","{""き""}","{""たのし.む"",""ひか.る"",""ひろ.い"",""よろこ.ぶ"",""かわ.く"",""あきらか"",""ひろ.める"",""ひろ.まる""}","Bright; Sunny; Prosperous; Merry"
